po_number,line_number,scheduled_delivery_date,actual_delivery_date,delivery_status,delivered_quantity
HT940216C0001,1,2027-02-10,,pending,0.0
HT940216C0001,2,2026-12-23,2026-12-22,delivered,95.0
HT940216C0001,3,2027-01-01,2027-01-13,late,356.0
DEAC0494AL85000,1,2025-05-06,2025-04-30,delivered,94.0
DEAC0494AL85000,2,2025-02-13,2025-02-12,delivered,460.0
DEAC0494AL85000,3,2025-03-09,2025-04-13,late,174.0
DENA0003525,1,2027-01-31,,pending,0.0
DENA0003525,2,2027-01-31,,pending,0.0
DENA0003525,3,2027-01-07,,pending,0.0
DEAC0500OR22725,1,2025-04-05,2025-04-08,late,228.0
DEAC0500OR22725,2,2025-04-05,2025-04-04,delivered,164.0
DEAC0500OR22725,3,2025-03-15,2025-03-12,delivered,83.0
DEAC0500OR22725,4,2025-03-22,2025-04-12,late,423.0
DEAC5207NA27344,1,2025-02-23,2025-03-23,late,116.0
DEAC5207NA27344,2,2025-02-27,2025-02-27,delivered,337.0
DEAC5207NA27344,3,2025-04-11,2025-04-07,delivered,17.0
DEAC3243AL00036,1,2027-03-03,,pending,0.0
DEAC3243AL00036,2,2026-12-28,,pending,0.0
DEAC3243AL00036,3,2026-12-29,2027-01-12,late,391.0
N0001917C0001,1,2026-08-17,2026-08-13,delivered,189.0
N0001917C0001,2,2026-08-10,,pending,0.0
N0001917C0001,3,2026-10-10,2026-10-25,late,40.0
N0001917C0001,4,2026-09-15,,pending,0.0
N0001917C0001,5,2026-08-24,2026-10-04,late,95.0
89233218CNA000001,1,2026-04-16,2026-04-06,delivered,313.0
89233218CNA000001,2,2026-04-16,2026-04-10,delivered,430.0
89233218CNA000001,3,2026-04-16,2026-04-16,delivered,12.0
N0002417C2100,1,2027-02-21,,pending,0.0
N0002417C2100,2,2027-02-21,2027-03-09,late,130.0
N0002417C2100,3,2027-02-21,,pending,0.0
N0002417C2100,4,2027-02-21,2027-03-04,late,317.0
DENA0001942,1,2025-12-23,2026-01-06,late,315.0
DENA0001942,2,2025-12-24,2025-12-24,delivered,157.0
DENA0001942,3,2026-01-08,2026-01-05,delivered,410.0
DENA0001942,4,2026-01-11,2026-02-06,late,399.0
DENA0001942,5,2026-01-01,2025-12-29,delivered,187.0
FA862511C6600,1,2026-08-15,,pending,0.0
FA862511C6600,2,2026-07-12,2026-07-10,delivered,55.0
FA862511C6600,3,2026-07-17,,pending,0.0
FA862511C6600,4,2026-06-01,2026-06-01,delivered,444.0
N0002417C2117,1,2026-07-01,2026-07-28,late,90.0
N0002417C2117,2,2026-06-19,,pending,0.0
N0002417C2117,3,2026-09-02,2026-09-01,delivered,18.0
N0002417C2117,4,2026-07-22,,pending,0.0
DEAC0576RL01830,1,2026-06-14,,pending,0.0
DEAC0576RL01830,2,2026-05-08,2026-05-01,delivered,353.0
DEAC0576RL01830,3,2026-05-02,2026-05-16,late,490.0
N0001920C0009,1,2025-09-09,2025-08-30,delivered,245.0
N0001920C0009,2,2025-09-27,2025-09-25,delivered,141.0
N0001920C0009,3,2025-09-24,2025-09-14,delivered,4.0
DEAC5206NA25396,1,2025-09-04,2025-09-11,late,208.0
DEAC5206NA25396,2,2025-09-05,2025-09-02,delivered,428.0
DEAC5206NA25396,3,2025-10-15,2025-10-15,delivered,312.0
DEAC5206NA25396,4,2025-10-09,2025-10-06,delivered,481.0
DEAC0908SR22470,1,2026-08-15,2026-08-06,delivered,497.0
DEAC0908SR22470,2,2026-06-29,2026-06-25,delivered,29.0
DEAC0908SR22470,3,2026-08-15,,pending,0.0
DEAC0908SR22470,4,2026-07-16,2026-07-12,delivered,268.0
DEAC0908SR22470,5,2026-07-17,,pending,0.0
DEAC0705ID14517,1,2026-03-23,2026-03-23,delivered,294.0
DEAC0705ID14517,2,2026-01-15,2026-01-06,delivered,430.0
DEAC0705ID14517,3,2026-03-23,2026-03-23,delivered,390.0
N0001923C0003,1,2025-09-06,2025-09-02,delivered,38.0
N0001923C0003,2,2025-09-13,2025-09-14,late,428.0
N0001923C0003,3,2025-09-03,2025-09-22,late,374.0
N0001923C0003,4,2025-09-13,2025-10-08,late,52.0
N0001923C0003,5,2025-09-13,2025-09-08,delivered,498.0
HT940216C0002,1,2027-01-04,,pending,0.0
HT940216C0002,2,2027-01-04,,pending,0.0
HT940216C0002,3,2027-01-04,2027-02-17,late,12.0
HT940216C0002,4,2027-01-04,,pending,0.0
NAS1510000,1,2027-01-14,,pending,0.0
NAS1510000,2,2027-01-10,,pending,0.0
NAS1510000,3,2027-02-22,2027-02-16,delivered,348.0
DEAC0584OR21400,1,2026-07-26,,pending,0.0
DEAC0584OR21400,2,2026-08-17,2026-08-17,delivered,329.0
DEAC0584OR21400,3,2026-06-12,2026-06-04,delivered,220.0
DEAC0584OR21400,4,2026-08-17,,pending,0.0
DEAC0584OR21400,5,2026-07-03,,pending,0.0
HT940211C0003,1,2026-05-13,2026-05-04,delivered,183.0
HT940211C0003,2,2026-05-01,2026-05-01,delivered,359.0
HT940211C0003,3,2026-04-27,2026-05-16,late,45.0
N0002412C2115,1,2026-01-28,2026-02-28,late,474.0
N0002412C2115,2,2026-02-04,2026-01-28,delivered,176.0
N0002412C2115,3,2026-01-13,2026-02-23,late,2.0
N0002412C2115,4,2026-02-17,2026-02-13,delivered,196.0
N0002412C2115,5,2026-01-31,2026-01-27,delivered,329.0
DEAC0205CH11231,1,2026-10-28,2026-10-27,delivered,349.0
DEAC0205CH11231,2,2026-10-28,,pending,0.0
DEAC0205CH11231,3,2026-10-28,2026-10-25,delivered,393.0
HT940210C0002,1,2026-11-12,,pending,0.0
HT940210C0002,2,2026-09-27,2026-09-26,delivered,335.0
HT940210C0002,3,2026-10-28,,pending,0.0
HT940210C0002,4,2026-10-01,,pending,0.0
N0001914C0067,1,2025-11-03,2025-10-26,delivered,80.0
N0001914C0067,2,2025-09-11,2025-09-06,delivered,224.0
N0001914C0067,3,2025-09-17,2025-09-13,delivered,132.0
N0001914C0067,4,2025-08-29,2025-08-26,delivered,372.0
N0001914C0067,5,2025-10-27,2025-10-22,delivered,431.0
DEAC0343SF00048,1,2027-01-03,2027-02-06,late,117.0
DEAC0343SF00048,2,2027-01-29,2027-02-24,late,430.0
DEAC0343SF00048,3,2027-02-03,2027-01-29,delivered,182.0
DEAC0343SF00048,4,2027-01-03,,pending,0.0
DEAC0343SF00048,5,2027-03-15,2027-03-07,delivered,350.0
DENA0002839,1,2025-04-05,2025-04-05,delivered,286.0
DENA0002839,2,2025-02-28,2025-02-26,delivered,194.0
DENA0002839,3,2025-04-05,2025-04-05,delivered,487.0
DENA0002839,4,2025-04-05,2025-04-03,delivered,441.0
DENA0002839,5,2025-04-05,2025-03-27,delivered,208.0
DEAC0206CH11357,1,2026-09-17,2026-10-17,late,189.0
DEAC0206CH11357,2,2026-09-17,,pending,0.0
DEAC0206CH11357,3,2026-09-17,2026-09-14,delivered,171.0
DEAC0206CH11357,4,2026-09-17,2026-09-16,delivered,358.0
DEAC2701RV14136,1,2026-04-03,2026-05-05,late,305.0
DEAC2701RV14136,2,2025-12-24,2026-02-04,late,186.0
DEAC2701RV14136,3,2026-02-08,2026-02-08,delivered,284.0
DEAC2701RV14136,4,2026-01-14,2026-01-23,late,317.0
DEAC2701RV14136,5,2026-01-18,2026-01-14,delivered,464.0
N0002409C2104,1,2026-06-01,2026-05-26,delivered,213.0
N0002409C2104,2,2026-07-24,,pending,0.0
N0002409C2104,3,2026-06-12,2026-06-07,delivered,470.0
NNJ06TA25C,1,2026-12-01,,pending,0.0
NNJ06TA25C,2,2026-09-06,,pending,0.0
NNJ06TA25C,3,2026-12-13,,pending,0.0
NNJ06TA25C,4,2026-10-22,,pending,0.0
DEAC0276SF00515,1,2026-01-27,2026-01-21,delivered,289.0
DEAC0276SF00515,2,2026-01-09,2025-12-30,delivered,319.0
DEAC0276SF00515,3,2026-01-14,2026-01-13,delivered,461.0
DEAC0276SF00515,4,2025-11-24,2025-11-23,delivered,215.0
DEAC0276SF00515,5,2025-12-20,2025-12-10,delivered,259.0
89233018CNR000004,1,2025-05-12,2025-06-12,late,421.0
89233018CNR000004,2,2025-05-24,2025-05-20,delivered,139.0
89233018CNR000004,3,2025-05-19,2025-06-27,late,418.0
N0002418C2130,1,2026-05-04,2026-04-24,delivered,385.0
N0002418C2130,2,2026-03-28,2026-04-10,late,343.0
N0002418C2130,3,2026-05-04,2026-04-28,delivered,389.0
FA821920C0006,1,2025-06-09,2025-06-02,delivered,322.0
FA821920C0006,2,2025-05-25,2025-05-25,delivered,500.0
FA821920C0006,3,2025-05-26,2025-05-18,delivered,162.0
FA821920C0006,4,2025-06-09,2025-05-31,delivered,399.0
HT940212C0001,1,2025-11-09,2025-11-01,delivered,486.0
HT940212C0001,2,2025-12-25,2025-12-23,delivered,226.0
HT940212C0001,3,2025-12-14,2025-12-12,delivered,120.0
HT940212C0001,4,2025-11-28,2025-11-23,delivered,81.0
HT940212C0001,5,2025-12-25,2026-01-02,late,437.0
N0002416C2116,1,2026-12-01,,pending,0.0
N0002416C2116,2,2026-12-12,,pending,0.0
N0002416C2116,3,2026-12-09,,pending,0.0
N0002416C2116,4,2026-12-06,2026-11-26,delivered,143.0
0005,1,2025-02-25,2025-02-15,delivered,213.0
0005,2,2025-03-21,2025-03-13,delivered,101.0
0005,3,2025-03-21,2025-03-15,delivered,387.0
0005,4,2025-03-21,2025-03-19,delivered,75.0
0005,5,2025-03-21,2025-03-21,delivered,194.0
N0001916C0033,1,2026-12-09,2026-11-30,delivered,156.0
N0001916C0033,2,2027-01-08,2027-01-14,late,411.0
N0001916C0033,3,2026-12-21,,pending,0.0
N0001916C0033,4,2026-09-30,,pending,0.0
W15QKN21C0012,1,2027-02-10,,pending,0.0
W15QKN21C0012,2,2027-02-02,,pending,0.0
W15QKN21C0012,3,2026-12-24,,pending,0.0
W15QKN21C0012,4,2027-02-10,2027-02-01,delivered,35.0
W15QKN21C0012,5,2027-02-10,2027-03-08,late,218.0
FA861404C2004,1,2026-06-22,2026-06-17,delivered,152.0
FA861404C2004,2,2026-06-09,2026-06-05,delivered,357.0
FA861404C2004,3,2026-06-03,2026-07-03,late,174.0
FA861404C2004,4,2026-06-02,2026-05-28,delivered,100.0
FA861404C2004,5,2026-06-22,2026-07-01,late,482.0
N0001907C0001,1,2025-03-25,2025-04-21,late,245.0
N0001907C0001,2,2025-05-11,2025-05-04,delivered,73.0
N0001907C0001,3,2025-05-06,2025-05-04,delivered,29.0
N0001907C0001,4,2025-03-08,2025-02-27,delivered,76.0
DEAC0500OR22800,1,2025-03-04,2025-03-24,late,95.0
DEAC0500OR22800,2,2025-03-25,2025-04-28,late,287.0
DEAC0500OR22800,3,2025-04-12,2025-04-09,delivered,426.0
DEAC0500OR22800,4,2025-02-26,2025-02-24,delivered,291.0
DEAC3608GO28308,1,2025-11-23,2025-11-18,delivered,500.0
DEAC3608GO28308,2,2025-12-17,2025-12-16,delivered,146.0
DEAC3608GO28308,3,2025-11-16,2025-11-10,delivered,194.0
DEAC2708RV14800,1,2026-08-07,,pending,0.0
DEAC2708RV14800,2,2026-08-01,2026-07-31,delivered,438.0
DEAC2708RV14800,3,2026-08-25,,pending,0.0
N0001915C0003,1,2025-04-02,2025-03-29,delivered,59.0
N0001915C0003,2,2025-04-04,2025-03-25,delivered,96.0
N0001915C0003,3,2025-05-08,2025-05-01,delivered,98.0
NNM07AB03C,1,2026-07-26,2026-07-23,delivered,434.0
NNM07AB03C,2,2026-07-26,,pending,0.0
NNM07AB03C,3,2026-07-18,,pending,0.0
NNM07AB03C,4,2026-07-26,,pending,0.0
NNM07AB03C,5,2026-07-26,2026-07-18,delivered,437.0
W31P4Q20C0023,1,2026-02-25,2026-02-19,delivered,140.0
W31P4Q20C0023,2,2026-02-16,2026-02-16,delivered,473.0
W31P4Q20C0023,3,2026-04-03,2026-04-07,late,323.0
F4261098C0001,1,2026-07-03,2026-06-25,delivered,197.0
F4261098C0001,2,2026-06-21,2026-06-20,delivered,378.0
F4261098C0001,3,2026-07-16,,pending,0.0
F4261098C0001,4,2026-07-27,,pending,0.0
F4261098C0001,5,2026-06-11,2026-06-10,delivered,206.0
W31P4Q24C0022,1,2026-09-12,,pending,0.0
W31P4Q24C0022,2,2026-10-03,2026-09-28,delivered,304.0
W31P4Q24C0022,3,2026-09-07,,pending,0.0
FA881113C0003,1,2026-04-23,2026-04-23,delivered,191.0
FA881113C0003,2,2026-04-07,2026-03-28,delivered,180.0
FA881113C0003,3,2026-02-26,2026-04-05,late,46.0
FA881113C0003,4,2026-05-18,2026-05-18,delivered,435.0
FA881113C0003,5,2026-04-29,2026-04-19,delivered,361.0
N0002403C2101,1,2026-04-04,2026-03-26,delivered,36.0
N0002403C2101,2,2026-04-07,2026-04-03,delivered,216.0
N0002403C2101,3,2026-04-07,2026-04-07,delivered,278.0
N0002403C2101,4,2026-04-01,2026-03-25,delivered,318.0
N0002403C2101,5,2026-04-07,2026-04-29,late,223.0
HQ014717C0032,1,2026-10-09,2026-11-16,late,268.0
HQ014717C0032,2,2026-10-09,,pending,0.0
HQ014717C0032,3,2026-10-09,2026-11-12,late,422.0
HQ014717C0032,4,2026-10-09,,pending,0.0
F0470102C0002,1,2026-01-22,2026-01-20,delivered,294.0
F0470102C0002,2,2026-01-21,2026-01-24,late,438.0
F0470102C0002,3,2026-03-15,2026-03-07,delivered,173.0
F0470102C0002,4,2026-01-26,2026-02-16,late,330.0
0159,1,2025-11-14,2025-11-14,delivered,67.0
0159,2,2025-11-14,2025-11-05,delivered,71.0
0159,3,2025-11-14,2025-12-13,late,389.0
0159,4,2025-11-14,2025-11-13,delivered,111.0
FA861108C2897,1,2026-12-05,,pending,0.0
FA861108C2897,2,2026-12-05,2026-11-30,delivered,70.0
FA861108C2897,3,2026-12-05,2026-12-28,late,266.0
N0001918C1021,1,2026-01-03,2025-12-31,delivered,493.0
N0001918C1021,2,2026-01-03,2026-01-23,late,197.0
N0001918C1021,3,2026-01-03,2025-12-27,delivered,229.0
N0001918C1021,4,2026-01-03,2026-01-10,late,61.0
N0001918C1021,5,2026-01-03,2025-12-28,delivered,291.0
DESC0012704,1,2026-10-04,2026-10-24,late,267.0
DESC0012704,2,2026-10-04,,pending,0.0
DESC0012704,3,2026-09-10,2026-08-31,delivered,54.0
N0001918C1037,1,2026-06-26,2026-06-26,delivered,93.0
N0001918C1037,2,2026-08-13,,pending,0.0
N0001918C1037,3,2026-05-28,2026-05-24,delivered,230.0
FA880219C0001,1,2025-04-05,2025-03-29,delivered,481.0
FA880219C0001,2,2025-03-18,2025-03-17,delivered,376.0
FA880219C0001,3,2025-03-28,2025-03-18,delivered,107.0
HT940223C0002,1,2025-08-11,2025-08-13,late,460.0
HT940223C0002,2,2025-08-08,2025-07-31,delivered,316.0
HT940223C0002,3,2025-07-28,2025-07-25,delivered,423.0
HT940223C0002,4,2025-09-24,2025-11-06,late,311.0
HT940223C0002,5,2025-09-13,2025-09-12,delivered,39.0
HT940223C0001,1,2025-06-23,2025-06-23,delivered,206.0
HT940223C0001,2,2025-05-21,2025-05-16,delivered,360.0
HT940223C0001,3,2025-05-17,2025-05-08,delivered,238.0
HT940223C0001,4,2025-05-15,2025-05-09,delivered,51.0
HT940223C0001,5,2025-06-23,2025-06-13,delivered,255.0
DEAC0207CH11359,1,2026-08-25,,pending,0.0
DEAC0207CH11359,2,2026-07-25,,pending,0.0
DEAC0207CH11359,3,2026-08-11,2026-08-02,delivered,311.0
DEAC0207CH11359,4,2026-07-27,2026-07-26,delivered,348.0
N0001921C0020,1,2027-03-02,2027-02-24,delivered,360.0
N0001921C0020,2,2027-03-08,,pending,0.0
N0001921C0020,3,2027-01-23,,pending,0.0
0139,1,2026-03-25,2026-05-08,late,73.0
0139,2,2026-05-27,2026-06-06,late,443.0
0139,3,2026-04-15,2026-04-12,delivered,265.0
0139,4,2026-06-24,2026-06-20,delivered,45.0
0139,5,2026-04-19,2026-05-07,late,309.0
N0001904C3146,1,2026-08-31,2026-08-21,delivered,13.0
N0001904C3146,2,2026-08-27,,pending,0.0
N0001904C3146,3,2026-08-08,2026-08-23,late,428.0
N0001904C3146,4,2026-07-12,,pending,0.0
N0001904C3146,5,2026-08-31,,pending,0.0
DENA0003624,1,2027-01-02,,pending,0.0
DENA0003624,2,2026-12-15,2026-12-09,delivered,14.0
DENA0003624,3,2026-11-08,2026-11-03,delivered,429.0
DENA0003624,4,2026-11-19,,pending,0.0
N0001920C0011,1,2025-12-05,2025-11-27,delivered,286.0
N0001920C0011,2,2026-01-03,2026-01-02,delivered,301.0
N0001920C0011,3,2026-01-23,2026-01-22,delivered,395.0
W58RGZ16C0023,1,2025-08-06,2025-08-05,delivered,129.0
W58RGZ16C0023,2,2025-09-02,2025-09-01,delivered,488.0
W58RGZ16C0023,3,2025-09-01,2025-09-05,late,16.0
W58RGZ16C0023,4,2025-07-27,2025-07-21,delivered,52.0
W58RGZ16C0023,5,2025-09-02,2025-09-05,late,356.0
FA881018C0005,1,2025-08-22,2025-08-16,delivered,316.0
FA881018C0005,2,2025-08-22,2025-10-04,late,6.0
FA881018C0005,3,2025-07-18,2025-07-14,delivered,244.0
FA881018C0005,4,2025-08-10,2025-09-20,late,36.0
FA881018C0005,5,2025-07-22,2025-07-15,delivered,442.0
N0001924C0039,1,2025-10-30,2025-11-07,late,203.0
N0001924C0039,2,2025-10-30,2025-10-28,delivered,76.0
N0001924C0039,3,2025-10-30,2025-11-04,late,478.0
N0001924C0039,4,2025-10-30,2025-10-21,delivered,262.0
0004,1,2027-03-08,,pending,0.0
0004,2,2027-01-30,,pending,0.0
0004,3,2027-01-29,,pending,0.0
0004,4,2027-02-15,,pending,0.0
N0001912C2001,1,2025-06-17,2025-06-14,delivered,92.0
N0001912C2001,2,2025-06-27,2025-06-20,delivered,66.0
N0001912C2001,3,2025-09-05,2025-10-09,late,72.0
FA862506C6456,1,2026-11-28,,pending,0.0
FA862506C6456,2,2027-01-18,,pending,0.0
FA862506C6456,3,2026-12-24,2026-12-23,delivered,34.0
FA862506C6456,4,2027-01-18,2027-02-25,late,256.0
FA868224CB001,1,2025-05-30,2025-05-21,delivered,27.0
FA868224CB001,2,2025-06-03,2025-05-24,delivered,400.0
FA868224CB001,3,2025-06-03,2025-07-08,late,92.0
FA868224CB001,4,2025-05-09,2025-04-29,delivered,188.0
FA868224CB001,5,2025-06-03,2025-05-31,delivered,293.0
N0001911C0083,1,2027-02-21,,pending,0.0
N0001911C0083,2,2027-01-16,,pending,0.0
N0001911C0083,3,2027-03-31,,pending,0.0
N0001911C0083,4,2027-04-08,,pending,0.0
DEAC0608RL14788,1,2025-12-12,2026-01-14,late,359.0
DEAC0608RL14788,2,2025-12-17,2025-12-13,delivered,254.0
DEAC0608RL14788,3,2025-12-25,2025-12-20,delivered,451.0
DEAC0608RL14788,4,2025-12-18,2025-12-13,delivered,44.0
N0001914C0002,1,2025-05-30,2025-06-02,late,430.0
N0001914C0002,2,2025-06-02,2025-05-27,delivered,165.0
N0001914C0002,3,2025-05-16,2025-06-12,late,247.0
N0001914C0002,4,2025-06-02,2025-06-12,late,329.0
N0001914C0002,5,2025-06-02,2025-07-17,late,357.0
N0002423C2307,1,2025-05-14,2025-05-08,delivered,249.0
N0002423C2307,2,2025-05-24,2025-05-22,delivered,93.0
N0002423C2307,3,2025-05-31,2025-05-25,delivered,398.0
N0002423C2307,4,2025-03-24,2025-03-16,delivered,73.0
FA863418C2701,1,2026-03-16,2026-03-06,delivered,349.0
FA863418C2701,2,2026-05-10,2026-06-18,late,359.0
FA863418C2701,3,2026-04-14,2026-04-11,delivered,344.0
FA863418C2701,4,2026-05-29,2026-06-27,late,490.0
N0002418C2307,1,2026-02-02,2026-02-08,late,222.0
N0002418C2307,2,2026-04-30,2026-04-24,delivered,178.0
N0002418C2307,3,2026-04-20,2026-04-11,delivered,430.0
AIDOAATO1500007,1,2026-03-03,2026-03-15,late,302.0
AIDOAATO1500007,2,2026-02-24,2026-02-15,delivered,71.0
AIDOAATO1500007,3,2026-02-12,2026-03-07,late,375.0
N0002408C2110,1,2026-09-16,,pending,0.0
N0002408C2110,2,2026-08-05,2026-08-03,delivered,274.0
N0002408C2110,3,2026-09-16,,pending,0.0
N0002408C2110,4,2026-09-16,2026-10-10,late,106.0
DEAC0909SR22505,1,2026-06-12,2026-06-04,delivered,104.0
DEAC0909SR22505,2,2026-05-15,2026-05-06,delivered,185.0
DEAC0909SR22505,3,2026-05-23,2026-05-21,delivered,254.0
DEAC0909SR22505,4,2026-05-24,2026-06-23,late,399.0
N0001917C0015,1,2026-08-11,,pending,0.0
N0001917C0015,2,2026-08-15,,pending,0.0
N0001917C0015,3,2026-07-09,2026-07-05,delivered,62.0
N0001917C0015,4,2026-08-10,,pending,0.0
HQ014712C0004,1,2026-02-10,2026-02-17,late,348.0
HQ014712C0004,2,2026-01-31,2026-02-01,late,278.0
HQ014712C0004,3,2026-01-27,2026-01-24,delivered,223.0
W56HZV15C0095,1,2026-03-15,2026-03-08,delivered,488.0
W56HZV15C0095,2,2026-03-03,2026-02-21,delivered,9.0
W56HZV15C0095,3,2026-05-01,2026-06-09,late,39.0
W56HZV15C0095,4,2026-02-23,2026-02-14,delivered,244.0
W56HZV15C0095,5,2026-02-08,2026-01-29,delivered,319.0
N0001906C0081,1,2025-04-03,2025-03-29,delivered,288.0
N0001906C0081,2,2025-03-14,2025-03-07,delivered,429.0
N0001906C0081,3,2025-03-30,2025-03-27,delivered,140.0
N0001906C0081,4,2025-01-21,2025-01-11,delivered,239.0
0059,1,2026-02-25,2026-04-05,late,440.0
0059,2,2026-02-17,2026-03-11,late,59.0
0059,3,2026-03-09,2026-03-02,delivered,3.0
N0001913C0008,1,2026-11-27,2026-11-27,delivered,484.0
N0001913C0008,2,2027-03-06,,pending,0.0
N0001913C0008,3,2027-02-19,,pending,0.0
N0001913C0008,4,2027-02-12,,pending,0.0
N0001913C0008,5,2026-12-15,2026-12-09,delivered,456.0
FA862914C2403,1,2025-12-22,2025-12-17,delivered,307.0
FA862914C2403,2,2026-01-22,2026-01-19,delivered,308.0
FA862914C2403,3,2026-01-17,2026-01-09,delivered,31.0
FA862914C2403,4,2026-01-22,2026-01-19,delivered,56.0
FA862914C2403,5,2026-01-05,2025-12-26,delivered,429.0
FA862514C6450,1,2026-05-16,2026-05-09,delivered,328.0
FA862514C6450,2,2026-05-16,2026-05-13,delivered,36.0
FA862514C6450,3,2026-05-16,2026-05-13,delivered,282.0
FA862514C6450,4,2026-05-13,2026-05-09,delivered,31.0
N0002416C2229,1,2025-03-22,2025-03-19,delivered,121.0
N0002416C2229,2,2025-03-03,2025-02-27,delivered,481.0
N0002416C2229,3,2025-02-22,2025-02-16,delivered,353.0
N0002405C5346,1,2025-06-09,2025-06-01,delivered,496.0
N0002405C5346,2,2025-08-08,2025-08-02,delivered,233.0
N0002405C5346,3,2025-04-27,2025-04-25,delivered,461.0
N0002405C5346,4,2025-05-16,2025-05-06,delivered,210.0
W31P4Q15C0022,1,2026-04-25,2026-04-23,delivered,430.0
W31P4Q15C0022,2,2026-03-31,2026-03-24,delivered,109.0
W31P4Q15C0022,3,2026-04-25,2026-04-25,delivered,67.0
W31P4Q15C0022,4,2026-02-17,2026-03-17,late,309.0
W31P4Q15C0022,5,2026-02-21,2026-02-26,late,47.0
N0001912C0004,1,2025-12-18,2025-12-11,delivered,496.0
N0001912C0004,2,2025-12-27,2025-12-17,delivered,255.0
N0001912C0004,3,2025-12-27,2025-12-26,delivered,320.0
N0001912C0004,4,2025-12-27,2025-12-27,delivered,70.0
N0001912C0004,5,2025-12-27,2025-12-20,delivered,99.0
W58RGZ17C0009,1,2025-11-23,2025-12-25,late,111.0
W58RGZ17C0009,2,2025-11-23,2025-11-21,delivered,180.0
W58RGZ17C0009,3,2025-11-23,2025-11-16,delivered,176.0
W58RGZ17C0009,4,2025-11-23,2025-11-14,delivered,338.0
W58RGZ17C0009,5,2025-10-29,2025-10-29,delivered,205.0
N0001912C0112,1,2026-02-19,2026-03-31,late,302.0
N0001912C0112,2,2026-04-07,2026-04-02,delivered,122.0
N0001912C0112,3,2026-04-07,2026-04-03,delivered,478.0
N0001918C1046,1,2026-11-26,,pending,0.0
N0001918C1046,2,2026-11-21,,pending,0.0
N0001918C1046,3,2026-11-27,2026-12-07,late,492.0
N0001918C1046,4,2026-12-25,,pending,0.0
N0001918C1046,5,2026-12-25,,pending,0.0
N0001913C9999,1,2025-03-30,2025-03-28,delivered,443.0
N0001913C9999,2,2025-04-14,2025-04-05,delivered,329.0
N0001913C9999,3,2025-04-16,2025-05-25,late,313.0
N0002418C2305,1,2027-01-27,,pending,0.0
N0002418C2305,2,2027-01-25,,pending,0.0
N0002418C2305,3,2027-01-27,2027-02-01,late,439.0
FA861520F0001,1,2026-12-15,,pending,0.0
FA861520F0001,2,2026-11-28,2026-11-23,delivered,144.0
FA861520F0001,3,2026-10-06,,pending,0.0
N0003904C2009,1,2026-05-21,2026-05-14,delivered,146.0
N0003904C2009,2,2026-06-02,2026-05-31,delivered,7.0
N0003904C2009,3,2026-04-23,2026-04-22,delivered,398.0
N0003904C2009,4,2026-05-03,2026-05-15,late,448.0
HQ085621C0001,1,2026-04-20,2026-04-16,delivered,95.0
HQ085621C0001,2,2026-05-01,2026-05-14,late,89.0
HQ085621C0001,3,2026-01-24,2026-01-19,delivered,118.0
HQ085621C0001,4,2026-04-13,2026-05-28,late,425.0
N0002423C2305,1,2026-06-03,2026-05-27,delivered,323.0
N0002423C2305,2,2026-04-07,2026-03-29,delivered,2.0
N0002423C2305,3,2026-06-04,2026-06-06,late,214.0
W52P1J09C0013,1,2026-06-20,2026-06-29,late,477.0
W52P1J09C0013,2,2026-06-18,2026-06-08,delivered,492.0
W52P1J09C0013,3,2026-04-11,2026-04-07,delivered,196.0
W52P1J09C0013,4,2026-05-01,2026-04-28,delivered,222.0
W52P1J09C0013,5,2026-04-01,2026-04-27,late,284.0
N0002411C2300,1,2026-06-14,2026-07-21,late,73.0
N0002411C2300,2,2026-07-05,,pending,0.0
N0002411C2300,3,2026-07-23,,pending,0.0
N0002411C2300,4,2026-08-07,2026-08-18,late,287.0
N0002424C2110,1,2026-02-05,2026-02-03,delivered,324.0
N0002424C2110,2,2026-04-03,2026-04-12,late,53.0
N0002424C2110,3,2026-02-23,2026-02-17,delivered,312.0
N0002413C2305,1,2026-07-11,,pending,0.0
N0002413C2305,2,2026-08-08,,pending,0.0
N0002413C2305,3,2026-08-11,,pending,0.0
N0001993C0006,1,2025-08-19,2025-08-16,delivered,377.0
N0001993C0006,2,2025-05-21,2025-05-17,delivered,224.0
N0001993C0006,3,2025-07-02,2025-07-12,late,496.0
N0001993C0006,4,2025-08-13,2025-08-30,late,344.0
N0001993C0006,5,2025-07-18,2025-07-11,delivered,161.0
N0001921C0011,1,2025-03-16,2025-04-23,late,206.0
N0001921C0011,2,2025-02-11,2025-02-22,late,406.0
N0001921C0011,3,2025-03-04,2025-02-27,delivered,298.0
W58RGZ13C0002,1,2027-01-30,2027-01-20,delivered,410.0
W58RGZ13C0002,2,2027-01-13,,pending,0.0
W58RGZ13C0002,3,2027-02-02,2027-01-23,delivered,349.0
W58RGZ13C0002,4,2027-01-12,,pending,0.0
W52P1J10C0062,1,2025-12-09,2025-12-06,delivered,485.0
W52P1J10C0062,2,2026-01-15,2026-03-01,late,309.0
W52P1J10C0062,3,2025-11-08,2025-11-01,delivered,358.0
W52P1J10C0062,4,2025-11-11,2025-11-09,delivered,269.0
W52P1J10C0062,5,2025-11-17,2025-11-20,late,499.0
N0002418C2406,1,2026-11-01,,pending,0.0
N0002418C2406,2,2026-11-29,2026-12-31,late,182.0
N0002418C2406,3,2027-01-03,2026-12-24,delivered,88.0
N0002418C2406,4,2027-01-01,,pending,0.0
N0002418C2406,5,2026-10-26,,pending,0.0
W58RGZ22C0010,1,2026-05-06,2026-05-02,delivered,156.0
W58RGZ22C0010,2,2026-04-22,2026-04-22,delivered,248.0
W58RGZ22C0010,3,2026-06-23,2026-07-24,late,91.0
W58RGZ22C0010,4,2026-04-29,,pending,0.0
NAS1510110,1,2027-01-30,,pending,0.0
NAS1510110,2,2027-02-20,,pending,0.0
NAS1510110,3,2027-02-27,2027-02-25,delivered,179.0
NAS1510110,4,2027-01-15,2027-01-12,delivered,260.0
NAS1510110,5,2027-02-11,,pending,0.0
0089,1,2027-01-05,2027-01-31,late,14.0
0089,2,2026-12-22,,pending,0.0
0089,3,2026-12-22,,pending,0.0
0089,4,2026-12-16,2026-12-13,delivered,24.0
0089,5,2027-01-23,2027-01-17,delivered,398.0
W31P4Q19C0011,1,2026-05-25,2026-05-24,delivered,413.0
W31P4Q19C0011,2,2026-03-25,2026-04-01,late,42.0
W31P4Q19C0011,3,2026-04-15,2026-04-10,delivered,190.0
W31P4Q19C0011,4,2026-03-20,2026-03-18,delivered,346.0
N0002498C2104,1,2025-12-23,2026-01-23,late,201.0
N0002498C2104,2,2025-11-22,2025-11-20,delivered,229.0
N0002498C2104,3,2025-12-09,2026-01-15,late,64.0
FA880708C0010,1,2025-10-25,2025-10-15,delivered,431.0
FA880708C0010,2,2025-10-31,2025-12-11,late,156.0
FA880708C0010,3,2025-09-02,2025-08-30,delivered,354.0
W52P1J09C0012,1,2025-08-24,2025-08-18,delivered,333.0
W52P1J09C0012,2,2025-06-25,2025-06-19,delivered,379.0
W52P1J09C0012,3,2025-08-31,2025-08-25,delivered,280.0
N0002409C2116,1,2025-02-20,2025-02-18,delivered,245.0
N0002409C2116,2,2025-05-11,2025-05-04,delivered,97.0
N0002409C2116,3,2025-04-20,2025-04-20,delivered,355.0
N0002415C2114,1,2026-08-25,2026-09-24,late,198.0
N0002415C2114,2,2026-08-25,,pending,0.0
N0002415C2114,3,2026-08-25,,pending,0.0
FA880710C0001,1,2026-05-30,2026-07-04,late,372.0
FA880710C0001,2,2026-05-17,2026-06-13,late,213.0
FA880710C0001,3,2026-05-07,2026-05-23,late,488.0
FA880710C0001,4,2026-06-18,2026-06-12,delivered,262.0
DEAC3010CC40017,1,2025-04-18,2025-04-08,delivered,500.0
DEAC3010CC40017,2,2025-05-05,2025-04-27,delivered,237.0
DEAC3010CC40017,3,2025-05-05,2025-06-04,late,78.0
DEAC3010CC40017,4,2025-05-05,2025-05-02,delivered,44.0
DEAC3010CC40017,5,2025-05-05,2025-04-28,delivered,218.0
N0002411C2301,1,2025-02-18,2025-03-18,late,80.0
N0002411C2301,2,2025-03-24,2025-03-24,delivered,312.0
N0002411C2301,3,2025-02-11,2025-02-09,delivered,107.0
N0002411C2301,4,2025-03-24,2025-03-17,delivered,403.0
N0002411C2301,5,2025-03-24,2025-04-11,late,494.0
W9124G17C0104,1,2025-06-12,2025-06-02,delivered,417.0
W9124G17C0104,2,2025-08-14,2025-09-03,late,339.0
W9124G17C0104,3,2025-08-30,2025-09-05,late,121.0
W9124G17C0104,4,2025-06-07,2025-06-07,delivered,425.0
HQ014719C0004,1,2026-09-23,2026-09-16,delivered,448.0
HQ014719C0004,2,2026-09-23,2026-09-20,delivered,310.0
HQ014719C0004,3,2026-09-23,,pending,0.0
NNM07AA75C,1,2025-10-13,2025-10-06,delivered,373.0
NNM07AA75C,2,2025-10-12,2025-10-03,delivered,131.0
NNM07AA75C,3,2025-10-26,2025-10-17,delivered,441.0
FA862511C6597,1,2026-08-06,2026-09-12,late,492.0
FA862511C6597,2,2026-08-06,2026-07-27,delivered,2.0
FA862511C6597,3,2026-07-27,2026-07-24,delivered,390.0
FA862511C6597,4,2026-08-03,,pending,0.0
N0001919C0010,1,2026-10-18,2026-10-16,delivered,285.0
N0001919C0010,2,2026-10-18,2026-11-24,late,92.0
N0001919C0010,3,2026-10-18,,pending,0.0
N0001919C0010,4,2026-09-19,,pending,0.0
N0002420C2120,1,2026-04-14,2026-04-10,delivered,401.0
N0002420C2120,2,2026-06-23,,pending,0.0
N0002420C2120,3,2026-05-28,,pending,0.0
W31P4Q14C0034,1,2025-11-08,2025-12-10,late,243.0
W31P4Q14C0034,2,2025-11-24,2025-12-10,late,415.0
W31P4Q14C0034,3,2025-11-19,2025-11-09,delivered,204.0
HT940213C0009,1,2026-04-27,2026-04-27,delivered,418.0
HT940213C0009,2,2026-05-27,2026-06-21,late,47.0
HT940213C0009,3,2026-04-07,2026-04-05,delivered,449.0
HT940213C0009,4,2026-04-05,,pending,0.0
N0001925C0070,1,2026-03-22,2026-03-18,delivered,217.0
N0001925C0070,2,2026-02-08,2026-02-04,delivered,453.0
N0001925C0070,3,2026-01-28,2026-01-19,delivered,311.0
N0001925C0070,4,2026-03-12,2026-03-21,late,431.0
N0001925C0070,5,2026-03-14,2026-03-12,delivered,132.0
FA880718C0009,1,2025-07-07,2025-07-01,delivered,37.0
FA880718C0009,2,2025-07-24,2025-07-20,delivered,137.0
FA880718C0009,3,2025-06-08,2025-06-06,delivered,144.0
FA880718C0009,4,2025-07-24,2025-07-21,delivered,191.0
FA880718C0009,5,2025-06-28,2025-07-03,late,435.0
FA862516C6599,1,2026-02-20,2026-02-26,late,442.0
FA862516C6599,2,2026-04-14,,pending,0.0
FA862516C6599,3,2026-03-29,2026-03-20,delivered,53.0
N0003019C0025,1,2026-04-09,2026-04-15,late,434.0
N0003019C0025,2,2026-05-28,2026-05-22,delivered,156.0
N0003019C0025,3,2026-04-22,2026-06-06,late,82.0
FA863423F0048,1,2027-01-06,,pending,0.0
FA863423F0048,2,2027-01-29,,pending,0.0
FA863423F0048,3,2027-01-25,,pending,0.0
FA863423F0048,4,2027-01-24,2027-01-23,delivered,76.0
DESC0004645,1,2027-01-15,,pending,0.0
DESC0004645,2,2026-12-23,,pending,0.0
DESC0004645,3,2027-01-15,,pending,0.0
N0001908C0028,1,2025-08-01,2025-07-23,delivered,84.0
N0001908C0028,2,2025-08-01,2025-09-09,late,307.0
N0001908C0028,3,2025-08-01,2025-08-15,late,30.0
N0001908C0028,4,2025-06-05,2025-07-19,late,315.0
FA862518F7027,1,2026-08-20,2026-08-11,delivered,2.0
FA862518F7027,2,2026-07-01,,pending,0.0
FA862518F7027,3,2026-08-20,2026-08-17,delivered,73.0
FA862518F7027,4,2026-08-20,2026-09-24,late,349.0
FA862518F7027,5,2026-07-09,,pending,0.0
M6785416C0006,1,2026-04-11,2026-04-03,delivered,401.0
M6785416C0006,2,2026-03-29,2026-03-26,delivered,453.0
M6785416C0006,3,2026-02-25,2026-02-24,delivered,85.0
M6785416C0006,4,2026-04-16,2026-04-14,delivered,35.0
M6785416C0006,5,2026-05-07,2026-05-06,delivered,313.0
N0002421C2106,1,2026-04-21,2026-05-18,late,319.0
N0002421C2106,2,2026-04-19,2026-04-09,delivered,4.0
N0002421C2106,3,2026-04-21,2026-04-18,delivered,1.0
N0002421C2106,4,2026-03-22,2026-04-08,late,172.0
F3365791C0006,1,2025-10-10,2025-10-12,late,473.0
F3365791C0006,2,2025-10-10,2025-10-03,delivered,464.0
F3365791C0006,3,2025-10-10,2025-10-27,late,291.0
F3365791C0006,4,2025-10-10,2025-10-03,delivered,197.0
FA820518F0001,1,2025-09-07,2025-08-29,delivered,439.0
FA820518F0001,2,2025-10-02,2025-11-06,late,471.0
FA820518F0001,3,2025-10-02,2025-09-23,delivered,489.0
FA820518F0001,4,2025-10-02,2025-10-01,delivered,105.0
FA820518F0001,5,2025-10-02,2025-09-28,delivered,383.0
FA861108C2896,1,2026-11-28,2026-11-22,delivered,315.0
FA861108C2896,2,2026-11-28,2026-11-20,delivered,193.0
FA861108C2896,3,2026-11-28,2026-11-25,delivered,250.0
W58RGZ23C0001,1,2026-11-06,2026-11-27,late,84.0
W58RGZ23C0001,2,2026-11-18,,pending,0.0
W58RGZ23C0001,3,2027-01-02,,pending,0.0
W58RGZ23C0001,4,2027-01-08,,pending,0.0
W58RGZ23C0001,5,2026-12-09,,pending,0.0
N0001924C0009,1,2025-06-22,2025-06-12,delivered,101.0
N0001924C0009,2,2025-06-30,2025-06-26,delivered,293.0
N0001924C0009,3,2025-08-04,2025-08-18,late,283.0
N0001924C0009,4,2025-08-04,2025-09-07,late,103.0
HT940213C0012,1,2025-06-28,2025-06-22,delivered,209.0
HT940213C0012,2,2025-09-24,2025-09-16,delivered,185.0
HT940213C0012,3,2025-09-28,2025-11-11,late,92.0
FA881606C0002,1,2026-05-07,2026-05-19,late,130.0
FA881606C0002,2,2026-07-14,,pending,0.0
FA881606C0002,3,2026-08-13,2026-08-04,delivered,308.0
DEAC0609RL14728,1,2026-07-25,2026-07-22,delivered,481.0
DEAC0609RL14728,2,2026-09-07,,pending,0.0
DEAC0609RL14728,3,2026-09-07,,pending,0.0
89233224CNA000004,1,2027-01-16,2027-01-17,late,67.0
89233224CNA000004,2,2027-02-13,2027-02-20,late,28.0
89233224CNA000004,3,2027-03-14,,pending,0.0
89233224CNA000004,4,2027-02-06,,pending,0.0
DAAH2302C0006,1,2025-11-27,2026-01-07,late,253.0
DAAH2302C0006,2,2025-11-27,2025-12-15,late,297.0
DAAH2302C0006,3,2025-11-27,2025-12-06,late,242.0
75ACF121C00020,1,2025-08-19,2025-08-17,delivered,372.0
75ACF121C00020,2,2025-08-19,2025-09-20,late,7.0
75ACF121C00020,3,2025-08-19,2025-08-12,delivered,52.0
W58RGZ21C0015,1,2025-12-10,2026-01-08,late,33.0
W58RGZ21C0015,2,2025-12-07,2025-12-06,delivered,53.0
W58RGZ21C0015,3,2025-11-15,2025-12-29,late,321.0
W58RGZ21C0015,4,2025-12-10,2025-12-03,delivered,416.0
FA881018C0006,1,2026-07-22,,pending,0.0
FA881018C0006,2,2026-08-11,2026-09-19,late,31.0
FA881018C0006,3,2026-07-18,,pending,0.0
N0001922C0004,1,2026-12-04,2026-12-01,delivered,316.0
N0001922C0004,2,2027-01-04,,pending,0.0
N0001922C0004,3,2026-11-12,2026-11-11,delivered,214.0
N0001922C0004,4,2026-11-30,2026-12-27,late,111.0
FA283424CB002,1,2025-11-23,2025-12-12,late,317.0
FA283424CB002,2,2025-12-05,2025-12-05,delivered,344.0
FA283424CB002,3,2026-01-21,2026-01-12,delivered,304.0
FA283424CB002,4,2025-11-21,2025-11-11,delivered,72.0
N0002419C2114,1,2026-03-07,2026-02-26,delivered,289.0
N0002419C2114,2,2026-03-20,,pending,0.0
N0002419C2114,3,2026-03-10,2026-04-03,late,66.0
N0002419C2114,4,2026-05-06,,pending,0.0
N0002419C2114,5,2026-05-04,,pending,0.0
N0002418C2301,1,2025-07-18,2025-07-17,delivered,242.0
N0002418C2301,2,2025-07-24,2025-07-18,delivered,357.0
N0002418C2301,3,2025-08-24,2025-10-01,late,470.0
N0002418C2301,4,2025-09-04,2025-08-29,delivered,90.0
N0002418C2301,5,2025-09-04,2025-09-01,delivered,40.0
N0002413C2307,1,2026-01-08,2025-12-29,delivered,209.0
N0002413C2307,2,2026-01-25,2026-01-18,delivered,228.0
N0002413C2307,3,2026-01-26,2026-02-05,late,436.0
N0002413C2307,4,2026-03-24,2026-03-16,delivered,38.0
N0002413C2307,5,2026-01-12,2026-01-02,delivered,147.0
N0002416C2427,1,2025-05-26,2025-06-29,late,82.0
N0002416C2427,2,2025-05-26,2025-05-22,delivered,277.0
N0002416C2427,3,2025-04-14,2025-05-12,late,196.0
N0002416C2427,4,2025-05-26,2025-05-21,delivered,246.0
N0002416C2427,5,2025-05-17,2025-05-12,delivered,10.0
N0002406C2303,1,2025-06-03,2025-05-31,delivered,30.0
N0002406C2303,2,2025-06-18,2025-06-13,delivered,266.0
N0002406C2303,3,2025-06-18,2025-06-09,delivered,153.0
HQ085124C0001,1,2025-12-26,2026-02-05,late,212.0
HQ085124C0001,2,2025-12-13,2025-12-18,late,121.0
HQ085124C0001,3,2025-12-02,2025-11-27,delivered,137.0
NNM16AA02C,1,2025-03-25,2025-03-22,delivered,288.0
NNM16AA02C,2,2025-03-25,2025-03-23,delivered,436.0
NNM16AA02C,3,2025-03-25,2025-03-18,delivered,247.0
NNM16AA02C,4,2025-03-05,2025-03-03,delivered,393.0
N0002422C5500,1,2025-10-28,2025-12-03,late,347.0
N0002422C5500,2,2025-11-06,2025-11-06,delivered,211.0
N0002422C5500,3,2025-11-06,2025-12-14,late,237.0
W31P4Q18C0130,1,2025-06-09,2025-06-04,delivered,463.0
W31P4Q18C0130,2,2025-06-15,2025-06-13,delivered,418.0
W31P4Q18C0130,3,2025-06-25,2025-06-25,delivered,400.0
W31P4Q18C0130,4,2025-07-15,2025-08-20,late,75.0
W31P4Q18C0130,5,2025-05-20,2025-05-11,delivered,135.0
N0002420C2437,1,2025-02-26,2025-03-22,late,132.0
N0002420C2437,2,2025-04-17,2025-04-09,delivered,418.0
N0002420C2437,3,2025-03-19,2025-03-14,delivered,68.0
N0002420C2437,4,2025-02-17,2025-02-07,delivered,300.0
N0001914C0032,1,2026-06-12,2026-06-06,delivered,285.0
N0001914C0032,2,2026-05-22,2026-07-06,late,115.0
N0001914C0032,3,2026-04-28,2026-04-25,delivered,370.0
N0001914C0032,4,2026-04-13,,pending,0.0
N0001914C0032,5,2026-06-04,2026-06-01,delivered,483.0
FA820523F0501,1,2026-04-07,2026-04-07,delivered,314.0
FA820523F0501,2,2026-04-13,2026-04-08,delivered,50.0
FA820523F0501,3,2026-02-18,2026-02-16,delivered,239.0
N0002413C2128,1,2025-06-19,2025-06-18,delivered,111.0
N0002413C2128,2,2025-08-02,2025-09-08,late,155.0
N0002413C2128,3,2025-08-10,2025-08-04,delivered,69.0
FA880810C0001,1,2026-12-29,,pending,0.0
FA880810C0001,2,2027-01-03,,pending,0.0
FA880810C0001,3,2026-12-21,,pending,0.0
DEAC0506OR23177,1,2026-07-27,,pending,0.0
DEAC0506OR23177,2,2026-06-30,2026-07-15,late,471.0
DEAC0506OR23177,3,2026-06-28,2026-07-09,late,212.0
DEAC0506OR23177,4,2026-06-27,2026-06-22,delivered,289.0
DEAC0506OR23177,5,2026-07-27,,pending,0.0
HQ027610C0001,1,2025-07-06,2025-08-10,late,479.0
HQ027610C0001,2,2025-07-02,2025-06-29,delivered,132.0
HQ027610C0001,3,2025-08-04,2025-08-25,late,2.0
HQ027610C0001,4,2025-07-16,2025-07-10,delivered,196.0
HQ027610C0001,5,2025-06-27,2025-07-11,late,75.0
NSFDACS1219442,1,2026-04-02,2026-05-02,late,180.0
NSFDACS1219442,2,2026-03-02,2026-02-27,delivered,48.0
NSFDACS1219442,3,2026-04-02,2026-04-04,late,10.0
NSFDACS1219442,4,2026-02-20,2026-02-12,delivered,51.0
NSFDACS1219442,5,2026-02-24,2026-02-23,delivered,108.0
DESC0014664,1,2026-01-08,2026-02-22,late,73.0
DESC0014664,2,2026-02-14,2026-02-13,delivered,474.0
DESC0014664,3,2026-02-08,2026-02-08,delivered,351.0
DESC0014664,4,2025-11-27,2025-11-26,delivered,79.0
N6274223F4007,1,2026-06-17,2026-06-07,delivered,497.0
N6274223F4007,2,2026-05-31,2026-07-10,late,374.0
N6274223F4007,3,2026-07-06,2026-07-07,late,192.0
N6274223F4007,4,2026-07-06,,pending,0.0
W31P4Q18C0049,1,2026-05-21,2026-05-14,delivered,12.0
W31P4Q18C0049,2,2026-05-21,2026-06-23,late,481.0
W31P4Q18C0049,3,2026-05-02,2026-05-01,delivered,110.0
W31P4Q18C0049,4,2026-05-21,2026-05-17,delivered,435.0
W31P4Q18C0049,5,2026-05-21,2026-06-20,late,108.0
80MSFC20C0034,1,2026-07-13,2026-08-22,late,400.0
80MSFC20C0034,2,2026-09-07,,pending,0.0
80MSFC20C0034,3,2026-09-07,,pending,0.0
N0002417C2105,1,2025-05-18,2025-05-09,delivered,43.0
N0002417C2105,2,2025-04-07,2025-04-07,delivered,125.0
N0002417C2105,3,2025-03-20,2025-03-15,delivered,339.0
NNK17MA01T,1,2025-12-31,2025-12-27,delivered,237.0
NNK17MA01T,2,2025-12-21,2026-02-01,late,236.0
NNK17MA01T,3,2026-01-25,2026-01-21,delivered,363.0
NNK17MA01T,4,2025-12-27,2026-01-08,late,489.0
N0001914C0050,1,2025-11-16,2025-11-15,delivered,228.0
N0001914C0050,2,2025-11-28,2025-11-22,delivered,455.0
N0001914C0050,3,2025-10-24,2025-10-19,delivered,384.0
N0002419C2115,1,2025-08-18,2025-08-18,delivered,128.0
N0002419C2115,2,2025-09-09,2025-08-31,delivered,85.0
N0002419C2115,3,2025-09-14,2025-09-06,delivered,347.0
N0002419C2115,4,2025-09-05,2025-09-24,late,355.0
N0002498C2107,1,2025-07-08,2025-07-04,delivered,244.0
N0002498C2107,2,2025-07-27,2025-07-27,delivered,94.0
N0002498C2107,3,2025-07-10,2025-07-08,delivered,276.0
N0002498C2107,4,2025-08-18,2025-08-17,delivered,208.0
N0002416C2431,1,2025-11-27,2025-12-29,late,255.0
N0002416C2431,2,2025-11-27,2025-11-18,delivered,415.0
N0002416C2431,3,2025-11-27,2025-12-08,late,332.0
N0002424C2115,1,2026-11-21,2026-11-16,delivered,494.0
N0002424C2115,2,2026-11-17,,pending,0.0
N0002424C2115,3,2026-09-22,,pending,0.0
N0002424C2115,4,2026-10-19,,pending,0.0
N0002424C2115,5,2026-10-23,,pending,0.0
80NM0018F0615,1,2025-10-14,2025-10-29,late,442.0
80NM0018F0615,2,2025-12-17,2025-12-15,delivered,167.0
80NM0018F0615,3,2025-10-04,2025-10-03,delivered,356.0
N0002420C2300,1,2026-06-07,2026-06-07,delivered,285.0
N0002420C2300,2,2026-05-07,2026-06-17,late,322.0
N0002420C2300,3,2026-07-07,,pending,0.0
N0002420C2300,4,2026-06-30,,pending,0.0
AIDOAATO1500009,1,2025-04-14,2025-04-06,delivered,471.0
AIDOAATO1500009,2,2025-03-23,2025-03-22,delivered,204.0
AIDOAATO1500009,3,2025-04-03,2025-03-27,delivered,21.0
AIDOAATO1500009,4,2025-03-11,2025-03-29,late,395.0
AIDOAATO1500009,5,2025-05-22,2025-05-17,delivered,331.0
FA861512C6016,1,2026-11-24,2026-11-24,delivered,109.0
FA861512C6016,2,2026-11-05,,pending,0.0
FA861512C6016,3,2026-10-25,2026-10-23,delivered,278.0
N0003024C0100,1,2026-09-12,,pending,0.0
N0003024C0100,2,2026-09-12,,pending,0.0
N0003024C0100,3,2026-08-24,2026-08-24,delivered,71.0
N0003024C0100,4,2026-09-12,,pending,0.0
N0003024C0100,5,2026-09-12,,pending,0.0
W56HZV17C0001,1,2026-06-21,2026-07-13,late,482.0
W56HZV17C0001,2,2026-08-01,2026-07-22,delivered,278.0
W56HZV17C0001,3,2026-08-01,,pending,0.0
W56HZV17C0001,4,2026-06-01,,pending,0.0
N0001907C0097,1,2026-11-18,,pending,0.0
N0001907C0097,2,2026-11-18,2026-11-27,late,415.0
N0001907C0097,3,2026-11-18,,pending,0.0
N0001907C0097,4,2026-11-11,2026-11-07,delivered,453.0
MSFC0199911DNAS800016,1,2026-11-24,,pending,0.0
MSFC0199911DNAS800016,2,2026-10-18,,pending,0.0
MSFC0199911DNAS800016,3,2027-01-12,,pending,0.0
MSFC0199911DNAS800016,4,2027-01-03,,pending,0.0
W31P4Q17C0006,1,2026-01-27,2026-01-18,delivered,14.0
W31P4Q17C0006,2,2026-01-08,2025-12-29,delivered,205.0
W31P4Q17C0006,3,2026-01-07,2026-01-03,delivered,175.0
W31P4Q17C0006,4,2026-01-15,2026-01-05,delivered,106.0
W31P4Q17C0006,5,2026-01-27,2026-03-12,late,327.0
70B01C26F00000017,1,2026-11-13,,pending,0.0
70B01C26F00000017,2,2026-12-16,,pending,0.0
70B01C26F00000017,3,2026-12-04,2027-01-03,late,189.0
70B01C26F00000017,4,2027-01-04,,pending,0.0
DEEM0001971,1,2025-05-12,2025-05-09,delivered,367.0
DEEM0001971,2,2025-05-12,2025-05-25,late,349.0
DEEM0001971,3,2025-04-27,2025-05-17,late,444.0
N0002417C2301,1,2025-10-23,2025-10-20,delivered,342.0
N0002417C2301,2,2025-10-20,2025-11-20,late,411.0
N0002417C2301,3,2025-12-10,2025-12-09,delivered,419.0
FA850512C0001,1,2026-11-11,,pending,0.0
FA850512C0001,2,2026-12-28,2026-12-20,delivered,311.0
FA850512C0001,3,2026-11-12,,pending,0.0
FA850512C0001,4,2027-01-02,,pending,0.0
FA850512C0001,5,2027-01-12,,pending,0.0
N0001923C0030,1,2025-04-01,2025-03-30,delivered,245.0
N0001923C0030,2,2025-04-17,2025-04-17,delivered,287.0
N0001923C0030,3,2025-05-13,2025-05-12,delivered,429.0
N0001923C0030,4,2025-05-10,2025-06-22,late,338.0
N0001923C0030,5,2025-03-31,2025-03-21,delivered,324.0
W31P4Q24F0165,1,2026-12-05,,pending,0.0
W31P4Q24F0165,2,2026-12-05,,pending,0.0
W31P4Q24F0165,3,2026-12-05,2026-11-25,delivered,30.0
W31P4Q24F0165,4,2026-11-27,,pending,0.0
W31P4Q24F0165,5,2026-12-05,,pending,0.0
75FCMC22C0038,1,2026-06-29,2026-07-25,late,496.0
75FCMC22C0038,2,2026-06-29,2026-06-22,delivered,33.0
75FCMC22C0038,3,2026-06-29,2026-08-04,late,419.0
75FCMC22C0038,4,2026-06-18,2026-06-11,delivered,97.0
75FCMC22C0038,5,2026-06-29,2026-06-22,delivered,264.0
HQ027615C0003,1,2026-01-16,2026-01-08,delivered,407.0
HQ027615C0003,2,2025-12-29,2025-12-28,delivered,451.0
HQ027615C0003,3,2026-01-16,2026-01-07,delivered,68.0
HQ027615C0003,4,2026-01-16,2026-01-16,delivered,292.0
N0001924C0025,1,2025-10-26,2025-11-30,late,40.0
N0001924C0025,2,2025-11-29,2025-11-25,delivered,365.0
N0001924C0025,3,2025-10-10,2025-09-30,delivered,390.0
HQ086220C0002,1,2027-02-13,2027-02-08,delivered,45.0
HQ086220C0002,2,2027-02-13,2027-02-05,delivered,174.0
HQ086220C0002,3,2027-02-13,,pending,0.0
FA873023C0025,1,2025-08-15,2025-09-09,late,253.0
FA873023C0025,2,2025-09-16,2025-09-14,delivered,472.0
FA873023C0025,3,2025-06-30,2025-07-17,late,385.0
FA873023C0025,4,2025-08-14,2025-08-29,late,363.0
FA824018C7218,1,2025-02-15,2025-02-17,late,416.0
FA824018C7218,2,2025-03-09,2025-03-07,delivered,302.0
FA824018C7218,3,2025-01-26,2025-01-16,delivered,398.0
N0002416C2106,1,2025-11-28,2025-12-21,late,192.0
N0002416C2106,2,2025-11-28,2025-12-15,late,300.0
N0002416C2106,3,2025-11-28,2025-11-22,delivered,184.0
N0001917C0020,1,2026-01-29,2026-03-15,late,148.0
N0001917C0020,2,2026-02-17,2026-03-13,late,287.0
N0001917C0020,3,2026-02-17,2026-02-16,delivered,301.0
N0002413C2108,1,2026-05-10,2026-06-09,late,213.0
N0002413C2108,2,2026-04-19,2026-04-12,delivered,121.0
N0002413C2108,3,2026-05-09,2026-04-30,delivered,181.0
N0001916C0048,1,2026-08-27,2026-08-19,delivered,298.0
N0001916C0048,2,2026-08-25,2026-09-15,late,493.0
N0001916C0048,3,2026-09-19,2026-09-29,late,349.0
N0001916C0048,4,2026-07-16,2026-08-14,late,76.0
N0001916C0048,5,2026-06-25,,pending,0.0
70B01C26F00000405,1,2025-05-26,2025-06-17,late,204.0
70B01C26F00000405,2,2025-05-31,2025-05-24,delivered,453.0
70B01C26F00000405,3,2025-06-20,2025-06-12,delivered,52.0
70B01C26F00000405,4,2025-03-30,2025-03-27,delivered,421.0
N0002409C2107,1,2025-11-05,2025-12-08,late,287.0
N0002409C2107,2,2025-11-06,2025-10-28,delivered,471.0
N0002409C2107,3,2025-12-30,2025-12-26,delivered,349.0
N0002411C2306,1,2026-07-17,,pending,0.0
N0002411C2306,2,2026-06-05,2026-05-28,delivered,443.0
N0002411C2306,3,2026-07-08,2026-07-03,delivered,326.0
N0002411C2306,4,2026-07-17,,pending,0.0
N0002411C2306,5,2026-07-17,2026-08-01,late,300.0
N0002424C2114,1,2026-06-19,,pending,0.0
N0002424C2114,2,2026-06-20,2026-06-11,delivered,249.0
N0002424C2114,3,2026-07-06,,pending,0.0
N0002424C2114,4,2026-07-06,2026-06-28,delivered,403.0
N0002424C2114,5,2026-07-06,,pending,0.0
80MSFC20C0052,1,2025-12-21,2025-12-16,delivered,247.0
80MSFC20C0052,2,2025-12-20,2025-12-19,delivered,58.0
80MSFC20C0052,3,2025-11-17,2025-11-16,delivered,277.0
80MSFC20C0052,4,2026-01-05,2026-01-05,delivered,209.0
80MSFC20C0052,5,2025-11-10,2025-11-16,late,411.0
GSFC0198106DNAS526555,1,2025-10-25,2025-11-08,late,398.0
GSFC0198106DNAS526555,2,2025-12-10,2025-12-06,delivered,50.0
GSFC0198106DNAS526555,3,2025-10-19,2025-11-04,late,432.0
FA867523C0037,1,2026-05-06,2026-05-24,late,370.0
FA867523C0037,2,2026-02-13,2026-02-11,delivered,407.0
FA867523C0037,3,2026-04-24,2026-04-16,delivered,89.0
FA867523C0037,4,2026-03-09,2026-02-28,delivered,151.0
N0003022C1025,1,2025-07-04,2025-07-03,delivered,364.0
N0003022C1025,2,2025-07-20,2025-07-18,delivered,431.0
N0003022C1025,3,2025-08-09,2025-09-05,late,346.0
W912EP24C0018,1,2026-12-05,,pending,0.0
W912EP24C0018,2,2026-12-05,2026-12-09,late,416.0
W912EP24C0018,3,2026-11-13,,pending,0.0
N0002424C2301,1,2027-01-29,2027-01-24,delivered,55.0
N0002424C2301,2,2026-12-28,,pending,0.0
N0002424C2301,3,2027-02-02,,pending,0.0
N0002424C2301,4,2027-01-08,2027-01-03,delivered,477.0
N0002424C2301,5,2027-02-02,,pending,0.0
FA881013C0001,1,2026-07-13,,pending,0.0
FA881013C0001,2,2026-09-10,2026-09-06,delivered,22.0
FA881013C0001,3,2026-08-19,,pending,0.0
W31P4Q23F0024,1,2025-04-07,2025-03-29,delivered,243.0
W31P4Q23F0024,2,2025-04-07,2025-04-03,delivered,50.0
W31P4Q23F0024,3,2025-07-03,2025-06-25,delivered,295.0
W56HZV23C0024,1,2025-10-22,2025-10-17,delivered,30.0
W56HZV23C0024,2,2025-10-22,2025-12-04,late,297.0
W56HZV23C0024,3,2025-10-22,2025-11-16,late,73.0
N0001917C0003,1,2026-10-26,,pending,0.0
N0001917C0003,2,2026-10-17,,pending,0.0
N0001917C0003,3,2026-10-26,,pending,0.0
89303523FEM400032,1,2025-11-21,2025-12-06,late,118.0
89303523FEM400032,2,2025-09-19,2025-10-16,late,95.0
89303523FEM400032,3,2025-09-03,2025-09-24,late,387.0
89303523FEM400032,4,2025-09-13,2025-09-03,delivered,173.0
89303523FEM400032,5,2025-09-23,2025-09-16,delivered,70.0
89243024CSC000002,1,2025-10-14,2025-10-10,delivered,440.0
89243024CSC000002,2,2025-10-09,2025-09-29,delivered,29.0
89243024CSC000002,3,2025-10-04,2025-11-07,late,403.0
89243024CSC000002,4,2025-08-18,2025-08-09,delivered,382.0
HQ085621C0003,1,2026-03-16,2026-03-15,delivered,394.0
HQ085621C0003,2,2026-03-11,2026-03-01,delivered,95.0
HQ085621C0003,3,2026-03-03,2026-04-04,late,435.0
FA910115C0500,1,2025-05-09,2025-05-17,late,66.0
FA910115C0500,2,2025-05-09,2025-05-17,late,421.0
FA910115C0500,3,2025-04-17,2025-04-07,delivered,128.0
FA910115C0500,4,2025-05-06,2025-05-03,delivered,466.0
FA910115C0500,5,2025-05-09,2025-05-03,delivered,171.0
89303723FEM400292,1,2025-10-28,2025-10-27,delivered,139.0
89303723FEM400292,2,2025-11-10,2025-11-08,delivered,428.0
89303723FEM400292,3,2025-11-02,2025-10-23,delivered,233.0
89303723FEM400292,4,2025-11-10,2025-11-19,late,42.0
89303723FEM400292,5,2025-10-13,2025-11-15,late,25.0
N0001919C0013,1,2026-04-23,2026-04-22,delivered,444.0
N0001919C0013,2,2026-03-27,2026-03-25,delivered,301.0
N0001919C0013,3,2026-05-21,2026-05-20,delivered,275.0
W56HZV10C0077,1,2026-09-15,,pending,0.0
W56HZV10C0077,2,2026-09-01,,pending,0.0
W56HZV10C0077,3,2026-09-26,,pending,0.0
W56HZV10C0077,4,2026-07-16,,pending,0.0
W56HZV10C0077,5,2026-06-25,2026-06-19,delivered,358.0
HT940221C0007,1,2025-06-06,2025-06-02,delivered,452.0
HT940221C0007,2,2025-07-05,2025-07-24,late,451.0
HT940221C0007,3,2025-06-14,2025-07-02,late,442.0
DAAA0998E0006,1,2026-09-03,,pending,0.0
DAAA0998E0006,2,2026-09-04,,pending,0.0
DAAA0998E0006,3,2026-10-05,2026-09-25,delivered,351.0
DAAA0998E0006,4,2026-10-05,,pending,0.0
N0001920C0047,1,2025-08-13,2025-08-06,delivered,395.0
N0001920C0047,2,2025-08-13,2025-08-09,delivered,134.0
N0001920C0047,3,2025-08-01,2025-07-31,delivered,198.0
19AQMM23F0766,1,2026-07-03,,pending,0.0
19AQMM23F0766,2,2026-07-06,,pending,0.0
19AQMM23F0766,3,2026-09-09,,pending,0.0
W58RGZ26C0002,1,2025-10-02,2025-09-28,delivered,105.0
W58RGZ26C0002,2,2025-10-02,2025-09-26,delivered,172.0
W58RGZ26C0002,3,2025-10-02,2025-09-23,delivered,450.0
W58RGZ26C0002,4,2025-09-27,2025-09-19,delivered,400.0
W52P1J19F0394,1,2025-05-24,2025-05-31,late,244.0
W52P1J19F0394,2,2025-05-24,2025-05-15,delivered,385.0
W52P1J19F0394,3,2025-05-12,2025-06-18,late,193.0
FA821413C0001,1,2025-03-20,2025-03-15,delivered,435.0
FA821413C0001,2,2025-03-20,2025-04-27,late,131.0
FA821413C0001,3,2025-03-20,2025-03-10,delivered,369.0
FA821413C0001,4,2025-03-20,2025-04-10,late,364.0
FA821413C0001,5,2025-03-05,2025-02-26,delivered,162.0
FA865925CB003,1,2025-04-21,2025-04-16,delivered,29.0
FA865925CB003,2,2025-04-21,2025-04-21,delivered,209.0
FA865925CB003,3,2025-04-21,2025-04-21,delivered,297.0
W31P4Q23C0005,1,2027-02-09,2027-01-31,delivered,321.0
W31P4Q23C0005,2,2027-02-09,2027-02-09,delivered,324.0
W31P4Q23C0005,3,2027-01-26,2027-01-25,delivered,64.0
W31P4Q23C0005,4,2027-02-09,,pending,0.0
W31P4Q23C0005,5,2027-02-09,,pending,0.0
0007-1,1,2027-02-20,2027-02-15,delivered,367.0
0007-1,2,2027-01-11,,pending,0.0
0007-1,3,2027-01-25,,pending,0.0
0007-1,4,2027-02-15,2027-02-05,delivered,214.0
W52P1J19F0400,1,2025-02-17,2025-02-08,delivered,317.0
W52P1J19F0400,2,2025-03-10,2025-03-29,late,323.0
W52P1J19F0400,3,2025-02-08,2025-03-08,late,461.0
W52P1J19F0400,4,2025-04-12,2025-04-08,delivered,275.0
W52P1J19F0400,5,2025-02-27,2025-02-23,delivered,83.0
N0001923F0002,1,2025-05-27,2025-05-26,delivered,23.0
N0001923F0002,2,2025-04-06,2025-04-05,delivered,435.0
N0001923F0002,3,2025-05-07,2025-05-07,delivered,284.0
FA881013C0002,1,2026-04-28,2026-06-11,late,460.0
FA881013C0002,2,2026-06-07,2026-06-03,delivered,189.0
FA881013C0002,3,2026-05-23,2026-05-21,delivered,71.0
FA867521C0034,1,2025-09-18,2025-09-09,delivered,76.0
FA867521C0034,2,2025-09-18,2025-09-15,delivered,387.0
FA867521C0034,3,2025-09-18,2025-10-15,late,371.0
FA867521C0034,4,2025-09-18,2025-09-09,delivered,251.0
DEAC0209CH11466,1,2026-01-07,2026-01-03,delivered,159.0
DEAC0209CH11466,2,2025-12-19,2025-12-12,delivered,222.0
DEAC0209CH11466,3,2026-01-27,2026-01-21,delivered,48.0
HQ085120C0002,1,2026-12-26,,pending,0.0
HQ085120C0002,2,2026-11-18,2027-01-01,late,346.0
HQ085120C0002,3,2026-12-02,2026-11-24,delivered,453.0
W31P4Q24C0024,1,2026-09-08,,pending,0.0
W31P4Q24C0024,2,2026-09-08,2026-09-16,late,231.0
W31P4Q24C0024,3,2026-09-08,,pending,0.0
W31P4Q24C0024,4,2026-09-08,2026-09-05,delivered,135.0
HQ027610C0005,1,2025-07-31,2025-07-21,delivered,332.0
HQ027610C0005,2,2025-09-13,2025-10-01,late,328.0
HQ027610C0005,3,2025-07-24,2025-07-14,delivered,216.0
HQ027610C0005,4,2025-08-14,2025-08-11,delivered,499.0
HQ027610C0005,5,2025-07-08,2025-07-01,delivered,145.0
693KA821F00222,1,2025-12-13,2025-12-06,delivered,39.0
693KA821F00222,2,2026-02-13,2026-02-06,delivered,144.0
693KA821F00222,3,2026-01-25,2026-01-21,delivered,275.0
N0001918C1048,1,2025-12-23,2025-12-21,delivered,452.0
N0001918C1048,2,2025-12-22,2026-01-14,late,179.0
N0001918C1048,3,2025-12-22,2025-12-19,delivered,133.0
FA862616C2138,1,2026-06-18,2026-06-14,delivered,428.0
FA862616C2138,2,2026-08-06,,pending,0.0
FA862616C2138,3,2026-08-18,,pending,0.0
FA862616C2138,4,2026-09-04,,pending,0.0
FA862616C2138,5,2026-07-06,2026-07-19,late,330.0
HSCG2316CAFR625,1,2026-10-12,,pending,0.0
HSCG2316CAFR625,2,2026-10-12,2026-10-03,delivered,346.0
HSCG2316CAFR625,3,2026-10-12,,pending,0.0
N0002424C2473,1,2025-10-22,2025-12-02,late,393.0
N0002424C2473,2,2025-10-07,2025-10-03,delivered,411.0
N0002424C2473,3,2025-10-26,2025-11-20,late,82.0
N0002424C2473,4,2025-11-12,2025-11-09,delivered,494.0
N0002424C2473,5,2025-11-12,2025-11-11,delivered,498.0
W56HZV20C0050,1,2026-12-08,,pending,0.0
W56HZV20C0050,2,2026-11-27,,pending,0.0
W56HZV20C0050,3,2026-10-29,,pending,0.0
W56HZV20C0050,4,2026-10-08,,pending,0.0
W56HZV20C0050,5,2026-09-06,,pending,0.0
N0001920C0003,1,2026-06-14,2026-06-15,late,415.0
N0001920C0003,2,2026-07-06,,pending,0.0
N0001920C0003,3,2026-08-21,2026-08-20,delivered,311.0
N0001920C0003,4,2026-07-25,2026-09-08,late,458.0
FA863422F0035,1,2026-08-15,2026-08-12,delivered,157.0
FA863422F0035,2,2026-08-10,2026-08-02,delivered,39.0
FA863422F0035,3,2026-08-23,,pending,0.0
FA863422F0035,4,2026-10-01,2026-09-27,delivered,150.0
N0001924C0032,1,2026-01-11,2026-01-04,delivered,232.0
N0001924C0032,2,2025-11-12,2025-11-11,delivered,219.0
N0001924C0032,3,2025-12-08,2025-11-28,delivered,407.0
N0001924C0032,4,2025-11-03,2025-10-27,delivered,296.0
N0001924C0032,5,2025-12-23,2025-12-14,delivered,92.0
NNG09HR00C,1,2026-02-23,,pending,0.0
NNG09HR00C,2,2026-02-21,2026-02-21,delivered,344.0
NNG09HR00C,3,2026-03-25,2026-03-20,delivered,255.0
NNG09HR00C,4,2026-05-06,2026-05-06,delivered,288.0
N0001996C0054,1,2026-07-28,,pending,0.0
N0001996C0054,2,2026-08-06,,pending,0.0
N0001996C0054,3,2026-08-30,2026-08-21,delivered,436.0
N0001996C0054,4,2026-07-23,2026-08-16,late,494.0
N0002419C2210,1,2027-01-28,,pending,0.0
N0002419C2210,2,2027-01-27,,pending,0.0
N0002419C2210,3,2027-01-12,2027-01-11,delivered,131.0
N0002419C2210,4,2027-01-26,2027-01-21,delivered,385.0
N0002419C2210,5,2027-02-11,,pending,0.0
DEAC2901AL66444,1,2026-08-09,,pending,0.0
DEAC2901AL66444,2,2026-09-24,,pending,0.0
DEAC2901AL66444,3,2026-09-24,,pending,0.0
DEAC2901AL66444,4,2026-09-24,,pending,0.0
W56HZV15CA001,1,2026-02-07,2026-02-21,late,67.0
W56HZV15CA001,2,2026-04-18,2026-04-10,delivered,450.0
W56HZV15CA001,3,2026-05-01,2026-04-27,delivered,37.0
W56HZV15CA001,4,2026-05-18,2026-05-15,delivered,167.0
DEFE0011020,1,2026-05-21,2026-06-14,late,192.0
DEFE0011020,2,2026-06-05,2026-06-03,delivered,440.0
DEFE0011020,3,2026-06-07,,pending,0.0
FA880615C0001,1,2026-04-26,2026-04-24,delivered,251.0
FA880615C0001,2,2026-04-11,2026-04-02,delivered,236.0
FA880615C0001,3,2026-02-12,2026-02-02,delivered,77.0
FA880615C0001,4,2026-05-14,2026-05-10,delivered,62.0
N0002406C2115,1,2026-02-17,2026-02-10,delivered,91.0
N0002406C2115,2,2026-03-26,2026-04-23,late,81.0
N0002406C2115,3,2026-01-25,2026-01-21,delivered,103.0
FA862518F7028,1,2026-03-15,2026-04-20,late,435.0
FA862518F7028,2,2026-03-03,2026-02-25,delivered,41.0
FA862518F7028,3,2026-02-05,2026-02-05,delivered,18.0
N0001919F2474,1,2025-07-20,2025-07-29,late,88.0
N0001919F2474,2,2025-09-18,2025-09-16,delivered,353.0
N0001919F2474,3,2025-07-10,2025-07-04,delivered,187.0
W911XK22C0006,1,2026-07-05,,pending,0.0
W911XK22C0006,2,2026-07-09,2026-07-06,delivered,174.0
W911XK22C0006,3,2026-07-09,2026-07-01,delivered,200.0
W911XK22C0006,4,2026-07-09,,pending,0.0
80MSFC18C0011,1,2025-11-15,2025-12-19,late,5.0
80MSFC18C0011,2,2025-11-15,2025-11-05,delivered,302.0
80MSFC18C0011,3,2025-11-15,2025-11-13,delivered,27.0
80MSFC18C0011,4,2025-11-15,2025-11-10,delivered,35.0
80MSFC18C0011,5,2025-11-14,2025-12-21,late,254.0
N0001918C1041,1,2026-10-14,,pending,0.0
N0001918C1041,2,2026-10-21,2026-10-20,delivered,418.0
N0001918C1041,3,2026-12-31,2026-12-31,delivered,293.0
N0001918C1041,4,2026-11-08,,pending,0.0
N0001920C0032,1,2025-11-18,2025-11-14,delivered,199.0
N0001920C0032,2,2025-11-29,2025-11-26,delivered,280.0
N0001920C0032,3,2026-01-11,2026-01-05,delivered,136.0
N0001920C0032,4,2026-01-24,2026-02-10,late,354.0
N0001920C0032,5,2025-12-02,2025-11-28,delivered,496.0
N0002407C6119,1,2026-11-30,,pending,0.0
N0002407C6119,2,2026-12-28,,pending,0.0
N0002407C6119,3,2027-01-15,,pending,0.0
W58RGZ19C0027,1,2025-08-13,2025-08-19,late,236.0
W58RGZ19C0027,2,2025-08-13,2025-08-04,delivered,86.0
W58RGZ19C0027,3,2025-08-13,2025-08-13,delivered,353.0
N0002419C2235,1,2025-07-28,2025-07-27,delivered,317.0
N0002419C2235,2,2025-07-05,2025-07-05,delivered,218.0
N0002419C2235,3,2025-07-28,2025-07-26,delivered,448.0
N0002419C2235,4,2025-06-25,2025-06-16,delivered,279.0
HQ027615C0005,1,2026-10-01,2026-10-17,late,193.0
HQ027615C0005,2,2026-09-28,2026-09-24,delivered,186.0
HQ027615C0005,3,2026-10-01,2026-09-24,delivered,223.0
HQ027615C0005,4,2026-09-08,,pending,0.0
N0001920C0006,1,2025-05-30,2025-05-30,delivered,436.0
N0001920C0006,2,2025-06-30,2025-06-21,delivered,23.0
N0001920C0006,3,2025-07-02,2025-08-03,late,248.0
W912PL19C0015,1,2026-01-12,2026-02-12,late,123.0
W912PL19C0015,2,2026-01-31,2026-01-27,delivered,260.0
W912PL19C0015,3,2026-01-11,2026-01-07,delivered,38.0
W912PL19C0015,4,2026-02-28,2026-03-12,late,123.0
W31P4Q15C0151,1,2025-10-20,2025-11-26,late,282.0
W31P4Q15C0151,2,2025-10-20,2025-10-10,delivered,77.0
W31P4Q15C0151,3,2025-10-20,2025-10-15,delivered,163.0
W31P4Q15C0151,4,2025-10-20,2025-10-29,late,196.0
W31P4Q15C0151,5,2025-10-20,2025-10-14,delivered,308.0
N0001917C0010,1,2026-03-24,2026-03-19,delivered,484.0
N0001917C0010,2,2026-05-01,2026-04-26,delivered,15.0
N0001917C0010,3,2026-04-04,2026-03-25,delivered,54.0
DOCDG133E09CN0094,1,2025-09-24,2025-09-23,delivered,463.0
DOCDG133E09CN0094,2,2025-09-08,2025-10-15,late,441.0
DOCDG133E09CN0094,3,2025-10-03,2025-09-29,delivered,146.0
DOCDG133E09CN0094,4,2025-10-23,2025-10-17,delivered,430.0
N4008521C0077,1,2025-12-18,2025-12-18,delivered,452.0
N4008521C0077,2,2025-12-18,2025-12-13,delivered,424.0
N4008521C0077,3,2025-12-18,2026-01-26,late,266.0
N4008521C0077,4,2025-12-18,2025-12-15,delivered,39.0
N4008521C0077,5,2025-12-18,2026-01-10,late,454.0
N0002413C5116,1,2025-11-10,2025-11-17,late,379.0
N0002413C5116,2,2025-12-30,2025-12-30,delivered,29.0
N0002413C5116,3,2025-11-30,2025-11-27,delivered,366.0
N0002413C5116,4,2025-12-30,2026-01-21,late,235.0
N0001919C0008,1,2025-07-05,2025-06-26,delivered,435.0
N0001919C0008,2,2025-06-20,2025-06-10,delivered,339.0
N0001919C0008,3,2025-05-25,2025-06-23,late,258.0
N0001919C0008,4,2025-05-30,2025-05-26,delivered,123.0
N0001919C0008,5,2025-07-23,2025-07-21,delivered,451.0
N0001918C1012,1,2025-11-27,2025-12-12,late,283.0
N0001918C1012,2,2025-11-22,2025-11-16,delivered,80.0
N0001918C1012,3,2025-11-27,2025-11-17,delivered,449.0
N0001918C1012,4,2025-11-27,2025-11-27,delivered,49.0
N0001918C1012,5,2025-11-27,2025-11-22,delivered,418.0
N0001922C0041,1,2025-08-06,2025-07-31,delivered,405.0
N0001922C0041,2,2025-08-06,2025-07-29,delivered,188.0
N0001922C0041,3,2025-08-06,2025-08-29,late,382.0
N0001922C0041,4,2025-08-06,2025-08-06,delivered,7.0
N0001922C0041,5,2025-07-30,2025-07-30,delivered,366.0
N0001916C0002,1,2026-05-05,2026-05-01,delivered,185.0
N0001916C0002,2,2026-05-05,2026-05-04,delivered,44.0
N0001916C0002,3,2026-04-14,2026-04-14,delivered,78.0
70B01C26F00000073,1,2026-08-15,2026-08-11,delivered,176.0
70B01C26F00000073,2,2026-10-09,,pending,0.0
70B01C26F00000073,3,2026-08-14,,pending,0.0
70B01C26F00000073,4,2026-10-01,,pending,0.0
70B01C26F00000073,5,2026-10-09,,pending,0.0
N0001913C0023,1,2025-05-17,2025-06-14,late,350.0
N0001913C0023,2,2025-05-01,2025-04-21,delivered,184.0
N0001913C0023,3,2025-05-17,2025-05-12,delivered,414.0
N0001913C0023,4,2025-05-17,2025-07-01,late,386.0
75N91020F00003,1,2026-04-19,2026-04-15,delivered,344.0
75N91020F00003,2,2026-04-28,2026-04-27,delivered,203.0
75N91020F00003,3,2026-05-16,2026-05-21,late,206.0
FA867515C0022,1,2026-11-07,,pending,0.0
FA867515C0022,2,2026-09-26,,pending,0.0
FA867515C0022,3,2026-11-27,2026-11-27,delivered,374.0
N0001915C0031,1,2025-02-08,2025-01-29,delivered,471.0
N0001915C0031,2,2025-02-09,2025-02-12,late,421.0
N0001915C0031,3,2025-04-25,2025-04-19,delivered,254.0
N0001915C0031,4,2025-02-16,2025-03-16,late,262.0
N0001915C0031,5,2025-04-24,2025-04-22,delivered,229.0
75A50120C00034,1,2026-06-09,,pending,0.0
75A50120C00034,2,2026-06-22,2026-06-19,delivered,28.0
75A50120C00034,3,2026-07-20,,pending,0.0
75A50120C00034,4,2026-06-06,2026-05-30,delivered,236.0
80MSFC23CA014,1,2025-06-22,2025-06-22,delivered,288.0
80MSFC23CA014,2,2025-06-22,2025-07-12,late,286.0
80MSFC23CA014,3,2025-06-22,2025-07-01,late,6.0
80MSFC23CA014,4,2025-06-22,2025-06-18,delivered,202.0
FA861517C6047,1,2025-10-14,2025-10-31,late,316.0
FA861517C6047,2,2025-09-29,2025-09-29,delivered,254.0
FA861517C6047,3,2025-11-24,2025-11-22,delivered,51.0
FA861517C6047,4,2025-10-20,2025-10-29,late,368.0
FA861517C6047,5,2025-12-27,2026-01-06,late,8.0
FA881119C0002,1,2025-05-25,2025-05-23,delivered,55.0
FA881119C0002,2,2025-08-05,2025-07-30,delivered,186.0
FA881119C0002,3,2025-08-07,2025-08-07,delivered,147.0
FA881119C0002,4,2025-08-07,2025-07-30,delivered,38.0
N0001914C0037,1,2027-01-14,,pending,0.0
N0001914C0037,2,2027-03-10,,pending,0.0
N0001914C0037,3,2027-02-15,,pending,0.0
F1962800C0100,1,2026-03-04,2026-02-26,delivered,12.0
F1962800C0100,2,2026-04-22,2026-04-13,delivered,4.0
F1962800C0100,3,2026-05-01,2026-04-30,delivered,199.0
70B01C26F00000345,1,2026-10-28,2026-11-14,late,398.0
70B01C26F00000345,2,2026-11-18,,pending,0.0
70B01C26F00000345,3,2026-11-15,,pending,0.0
89303921FEM400037,1,2026-05-21,2026-06-23,late,382.0
89303921FEM400037,2,2026-05-10,2026-05-07,delivered,289.0
89303921FEM400037,3,2026-05-21,2026-05-19,delivered,18.0
89303921FEM400037,4,2026-05-11,2026-05-03,delivered,430.0
DTFAWA10C00080,1,2026-04-19,2026-04-25,late,283.0
DTFAWA10C00080,2,2026-04-19,2026-04-18,delivered,238.0
DTFAWA10C00080,3,2026-04-19,2026-04-15,delivered,220.0
DTFAWA10C00080,4,2026-04-10,2026-04-04,delivered,100.0
DTFAWA10C00080,5,2026-04-19,2026-04-11,delivered,374.0
W31P4Q19C0076,1,2025-10-17,2025-10-16,delivered,350.0
W31P4Q19C0076,2,2025-09-19,2025-09-21,late,297.0
W31P4Q19C0076,3,2025-08-24,2025-08-22,delivered,464.0
N0002414C5315,1,2027-02-13,,pending,0.0
N0002414C5315,2,2027-02-28,,pending,0.0
N0002414C5315,3,2027-02-23,,pending,0.0
FA862616C2139,1,2026-08-31,,pending,0.0
FA862616C2139,2,2026-11-16,,pending,0.0
FA862616C2139,3,2026-11-16,,pending,0.0
FA862616C2139,4,2026-09-11,2026-09-11,delivered,373.0
70B01C26F00000044,1,2026-11-29,2026-11-29,delivered,299.0
70B01C26F00000044,2,2026-10-12,2026-10-04,delivered,142.0
70B01C26F00000044,3,2026-11-14,,pending,0.0
N0002418C2300,1,2026-05-27,2026-05-20,delivered,133.0
N0002418C2300,2,2026-05-27,2026-05-18,delivered,303.0
N0002418C2300,3,2026-04-04,2026-04-04,delivered,201.0
N0001915C0114,1,2027-01-03,,pending,0.0
N0001915C0114,2,2027-01-03,2027-01-05,late,321.0
N0001915C0114,3,2027-01-03,,pending,0.0
N0001915C0114,4,2026-12-31,,pending,0.0
N0001915C0114,5,2027-01-03,,pending,0.0
N6852022F7005,1,2025-07-31,2025-07-28,delivered,429.0
N6852022F7005,2,2025-07-12,2025-07-02,delivered,195.0
N6852022F7005,3,2025-07-13,2025-07-13,delivered,426.0
NNH15CN76C,1,2026-08-16,2026-09-09,late,6.0
NNH15CN76C,2,2026-09-04,,pending,0.0
NNH15CN76C,3,2026-09-24,,pending,0.0
NNH15CN76C,4,2026-09-17,2026-09-10,delivered,84.0
NNH15CN76C,5,2026-08-27,2026-08-22,delivered,231.0
W31P4Q23F0006,1,2027-01-15,,pending,0.0
W31P4Q23F0006,2,2027-02-11,,pending,0.0
W31P4Q23F0006,3,2027-01-14,2027-01-08,delivered,226.0
W31P4Q23C0036,1,2025-02-16,2025-02-10,delivered,234.0
W31P4Q23C0036,2,2025-04-03,2025-03-24,delivered,223.0
W31P4Q23C0036,3,2025-04-13,2025-05-26,late,175.0
W31P4Q23C0036,4,2025-04-11,2025-04-10,delivered,147.0
W31P4Q23C0036,5,2025-04-05,2025-03-29,delivered,337.0
80NM0021F0008,1,2026-12-07,,pending,0.0
80NM0021F0008,2,2026-09-08,,pending,0.0
80NM0021F0008,3,2026-12-21,2026-12-20,delivered,303.0
80NM0021F0008,4,2026-11-08,,pending,0.0
0007-2,1,2027-03-11,,pending,0.0
0007-2,2,2026-12-08,2026-12-28,late,218.0
0007-2,3,2026-12-12,,pending,0.0
0007-2,4,2026-12-30,2026-12-26,delivered,322.0
0007-2,5,2027-03-03,2027-03-04,late,155.0
89303321CEM000080,1,2027-02-13,2027-02-13,delivered,274.0
89303321CEM000080,2,2027-01-13,2027-01-08,delivered,82.0
89303321CEM000080,3,2027-03-04,,pending,0.0
89303321CEM000080,4,2027-01-18,,pending,0.0
36C10B22F0089,1,2025-07-23,2025-09-06,late,486.0
36C10B22F0089,2,2025-07-23,2025-08-26,late,361.0
36C10B22F0089,3,2025-07-23,2025-08-13,late,267.0
70B01C26F00000292,1,2025-11-25,2025-11-16,delivered,261.0
70B01C26F00000292,2,2025-12-17,2025-12-07,delivered,392.0
70B01C26F00000292,3,2025-11-24,2025-11-20,delivered,125.0
HSCG2314CAPC002,1,2026-10-11,2026-11-17,late,154.0
HSCG2314CAPC002,2,2026-11-09,,pending,0.0
HSCG2314CAPC002,3,2026-10-29,2026-11-23,late,16.0
HSCG2314CAPC002,4,2026-10-16,,pending,0.0
FA861120F1010,1,2026-03-02,2026-04-07,late,483.0
FA861120F1010,2,2026-03-24,2026-03-21,delivered,170.0
FA861120F1010,3,2026-03-24,2026-03-22,delivered,338.0
FA861120F1010,4,2026-03-24,2026-03-17,delivered,426.0
FA861120F1010,5,2026-02-13,2026-02-06,delivered,485.0
DTFA0102D03006CALL0001,1,2025-06-01,2025-05-24,delivered,447.0
DTFA0102D03006CALL0001,2,2025-08-15,2025-08-10,delivered,368.0
DTFA0102D03006CALL0001,3,2025-08-15,2025-09-11,late,484.0
HT940213C0008,1,2026-07-16,2026-07-12,delivered,482.0
HT940213C0008,2,2026-07-16,,pending,0.0
HT940213C0008,3,2026-07-16,,pending,0.0
FA862524F3034,1,2025-08-24,2025-08-19,delivered,412.0
FA862524F3034,2,2025-07-05,2025-06-27,delivered,267.0
FA862524F3034,3,2025-07-02,2025-07-10,late,220.0
FA862524F3034,4,2025-08-06,2025-08-02,delivered,435.0
FA862524F3034,5,2025-07-23,2025-07-23,delivered,406.0
W90BRJ15C0004,1,2026-09-20,,pending,0.0
W90BRJ15C0004,2,2026-09-25,,pending,0.0
W90BRJ15C0004,3,2026-09-14,2026-09-05,delivered,263.0
W90BRJ15C0004,4,2026-09-23,2026-09-17,delivered,45.0
89304223FEM400000,1,2026-02-05,2026-01-28,delivered,381.0
89304223FEM400000,2,2026-01-11,2026-02-20,late,98.0
89304223FEM400000,3,2026-01-18,2026-03-04,late,458.0
89304223FEM400000,4,2026-02-05,2026-02-02,delivered,372.0
89304223FEM400000,5,2026-02-05,2026-01-29,delivered,153.0
N0001922F0030,1,2026-03-15,2026-03-05,delivered,426.0
N0001922F0030,2,2026-03-15,2026-04-15,late,57.0
N0001922F0030,3,2026-03-15,2026-03-06,delivered,39.0
W58RGZ08C0023,1,2025-10-22,2025-10-19,delivered,398.0
W58RGZ08C0023,2,2025-09-08,2025-10-20,late,285.0
W58RGZ08C0023,3,2025-09-10,2025-10-25,late,199.0
80KSC019C0013,1,2026-01-19,2026-02-12,late,17.0
80KSC019C0013,2,2026-03-19,2026-05-03,late,140.0
80KSC019C0013,3,2026-03-19,2026-03-09,delivered,471.0
80KSC019C0013,4,2026-03-19,2026-03-19,delivered,282.0
80KSC019C0013,5,2026-02-26,2026-02-21,delivered,126.0
NAS503127,1,2025-04-07,2025-04-01,delivered,279.0
NAS503127,2,2025-03-04,2025-04-16,late,164.0
NAS503127,3,2025-03-30,2025-03-25,delivered,419.0
19AQMM18C0185,1,2026-02-11,2026-02-04,delivered,369.0
19AQMM18C0185,2,2026-02-11,2026-02-01,delivered,442.0
19AQMM18C0185,3,2026-02-11,2026-02-02,delivered,494.0
19AQMM18C0185,4,2026-02-11,2026-02-10,delivered,13.0
N0001918C1060,1,2026-10-02,,pending,0.0
N0001918C1060,2,2026-10-12,,pending,0.0
N0001918C1060,3,2026-09-04,,pending,0.0
N0001918C1060,4,2026-09-17,,pending,0.0
N0001918C1060,5,2026-09-06,,pending,0.0
N0002415C4301,1,2026-01-10,2026-01-02,delivered,70.0
N0002415C4301,2,2025-12-02,2025-12-22,late,273.0
N0002415C4301,3,2025-09-29,2025-09-25,delivered,235.0
N0002415C4301,4,2025-10-15,2025-10-12,delivered,173.0
N0002415C4301,5,2025-10-07,2025-10-23,late,339.0
M6785419C0043,1,2025-04-18,2025-04-16,delivered,131.0
M6785419C0043,2,2025-06-12,2025-06-08,delivered,197.0
M6785419C0043,3,2025-07-15,2025-08-29,late,385.0
M6785419C0043,4,2025-06-17,2025-07-14,late,332.0
M6785419C0043,5,2025-05-03,2025-05-28,late,459.0
HQ014711C0006,1,2026-09-26,,pending,0.0
HQ014711C0006,2,2026-10-19,2026-10-17,delivered,148.0
HQ014711C0006,3,2026-09-17,,pending,0.0
EDFSA15C0006,1,2025-12-12,2025-12-10,delivered,49.0
EDFSA15C0006,2,2025-11-27,2025-11-26,delivered,94.0
EDFSA15C0006,3,2025-12-06,2025-11-30,delivered,175.0
DTFAWA12C00064,1,2026-07-21,2026-08-19,late,329.0
DTFAWA12C00064,2,2026-08-01,,pending,0.0
DTFAWA12C00064,3,2026-08-01,2026-07-22,delivered,206.0
DTFAWA12C00064,4,2026-08-01,,pending,0.0
80GSFC19C0063,1,2026-06-21,2026-06-17,delivered,153.0
80GSFC19C0063,2,2026-06-06,2026-05-30,delivered,481.0
80GSFC19C0063,3,2026-07-25,2026-07-16,delivered,60.0
36C10B18N0003,1,2025-12-02,2025-11-28,delivered,302.0
36C10B18N0003,2,2025-11-07,2025-11-05,delivered,352.0
36C10B18N0003,3,2025-12-02,2025-11-26,delivered,254.0
36C10B18N0003,4,2025-10-30,2025-12-11,late,58.0
W52P1J19F0402,1,2025-07-12,2025-07-04,delivered,11.0
W52P1J19F0402,2,2025-06-01,2025-05-28,delivered,14.0
W52P1J19F0402,3,2025-05-22,2025-05-12,delivered,328.0
W52P1J19F0402,4,2025-08-11,2025-08-03,delivered,395.0
W52P1J19F0402,5,2025-06-30,2025-08-02,late,317.0
W15QKN13C0074,1,2025-07-29,2025-08-02,late,477.0
W15QKN13C0074,2,2025-10-12,2025-10-31,late,303.0
W15QKN13C0074,3,2025-09-26,2025-09-20,delivered,322.0
W15QKN13C0074,4,2025-10-17,2025-10-14,delivered,133.0
W15QKN13C0074,5,2025-07-14,2025-07-14,delivered,466.0
FA860926FB002,1,2026-10-12,2026-10-13,late,435.0
FA860926FB002,2,2026-09-05,2026-09-01,delivered,405.0
FA860926FB002,3,2026-09-23,2026-09-16,delivered,90.0
HT940223C0006,1,2026-02-01,2026-01-28,delivered,144.0
HT940223C0006,2,2026-03-07,2026-04-20,late,69.0
HT940223C0006,3,2026-03-07,2026-03-09,late,19.0
HT940223C0006,4,2026-01-15,2026-01-15,delivered,271.0
DOC003,1,2026-08-15,,pending,0.0
DOC003,2,2026-10-11,,pending,0.0
DOC003,3,2026-10-21,,pending,0.0
DOC003,4,2026-07-16,2026-08-27,late,242.0
DOC003,5,2026-08-10,,pending,0.0
70B01C26C00000006,1,2026-06-07,2026-05-30,delivered,113.0
70B01C26C00000006,2,2026-04-15,2026-04-08,delivered,497.0
70B01C26C00000006,3,2026-06-07,2026-06-02,delivered,145.0
70B01C26C00000006,4,2026-05-25,2026-05-16,delivered,129.0
N0002423C5403,1,2026-11-20,,pending,0.0
N0002423C5403,2,2026-09-26,2026-09-21,delivered,263.0
N0002423C5403,3,2026-11-20,2026-11-13,delivered,292.0
N0002423C5403,4,2026-11-20,2026-11-12,delivered,191.0
N0002423C5403,5,2026-11-20,,pending,0.0
80NM0018F0850,1,2027-02-18,2027-03-02,late,255.0
80NM0018F0850,2,2027-01-30,,pending,0.0
80NM0018F0850,3,2027-01-09,,pending,0.0
80NM0018F0850,4,2027-03-13,2027-04-22,late,136.0
FA870219F0001,1,2027-02-02,,pending,0.0
FA870219F0001,2,2027-02-02,,pending,0.0
FA870219F0001,3,2026-12-11,2026-12-10,delivered,238.0
FA870219F0001,4,2027-02-02,,pending,0.0
FA870219F0001,5,2027-01-07,,pending,0.0
N0002416C2111,1,2026-06-25,,pending,0.0
N0002416C2111,2,2026-07-23,,pending,0.0
N0002416C2111,3,2026-07-23,2026-07-21,delivered,1.0
N0002416C2111,4,2026-06-30,2026-06-25,delivered,43.0
N0002416C2111,5,2026-07-23,,pending,0.0
HT940213C0007,1,2026-02-02,2026-01-30,delivered,205.0
HT940213C0007,2,2026-03-09,2026-03-23,late,278.0
HT940213C0007,3,2026-01-29,2026-01-20,delivered,23.0
HT940213C0007,4,2025-12-25,2025-12-23,delivered,382.0
HT940213C0007,5,2026-01-08,2026-01-06,delivered,429.0
HSCG2316CADB016,1,2025-09-10,2025-09-02,delivered,468.0
HSCG2316CADB016,2,2025-09-10,2025-09-02,delivered,455.0
HSCG2316CADB016,3,2025-09-10,2025-09-09,delivered,407.0
HQ085121C0001,1,2025-07-27,2025-07-24,delivered,144.0
HQ085121C0001,2,2025-07-27,2025-07-21,delivered,353.0
HQ085121C0001,3,2025-07-27,2025-08-21,late,56.0
HQ085121C0001,4,2025-07-27,2025-07-23,delivered,223.0
NNJ10TB01C,1,2025-11-09,2025-11-08,delivered,329.0
NNJ10TB01C,2,2025-10-19,2025-11-09,late,298.0
NNJ10TB01C,3,2025-11-17,2025-11-13,delivered,296.0
W31P4Q25F0080,1,2025-07-17,2025-08-29,late,427.0
W31P4Q25F0080,2,2025-06-11,2025-07-11,late,316.0
W31P4Q25F0080,3,2025-05-04,2025-06-16,late,42.0
W31P4Q25F0080,4,2025-04-24,2025-04-24,delivered,304.0
W31P4Q25F0080,5,2025-07-17,2025-08-03,late,116.0
W912GB10C0031,1,2026-04-16,2026-04-19,late,353.0
W912GB10C0031,2,2026-04-16,2026-04-10,delivered,279.0
W912GB10C0031,3,2026-04-16,2026-05-08,late,240.0
W912GB10C0031,4,2026-04-16,2026-04-10,delivered,314.0
W912GB10C0031,5,2026-04-16,2026-04-12,delivered,27.0
N0001917C0045,1,2025-04-27,2025-04-20,delivered,154.0
N0001917C0045,2,2025-04-08,2025-05-02,late,7.0
N0001917C0045,3,2025-04-27,2025-04-24,delivered,46.0
N0002423C2452,1,2026-06-27,2026-06-23,delivered,442.0
N0002423C2452,2,2026-07-08,2026-06-29,delivered,341.0
N0002423C2452,3,2026-07-08,,pending,0.0
47QFSA20F0057,1,2026-09-10,,pending,0.0
47QFSA20F0057,2,2026-09-11,,pending,0.0
47QFSA20F0057,3,2026-10-22,,pending,0.0
HHSO100200900101C,1,2026-07-27,2026-08-19,late,185.0
HHSO100200900101C,2,2026-08-07,2026-08-02,delivered,326.0
HHSO100200900101C,3,2026-08-07,2026-07-29,delivered,361.0
HHSO100200900101C,4,2026-08-07,,pending,0.0
HHSO100200900101C,5,2026-07-15,,pending,0.0
36C10B22N0051EHRM,1,2027-02-19,,pending,0.0
36C10B22N0051EHRM,2,2026-12-22,2026-12-22,delivered,255.0
36C10B22N0051EHRM,3,2027-02-19,2027-02-15,delivered,293.0
36C10B22N0051EHRM,4,2027-02-19,,pending,0.0
FA882321C0001,1,2025-07-17,2025-07-17,delivered,58.0
FA882321C0001,2,2025-09-09,2025-10-16,late,100.0
FA882321C0001,3,2025-07-08,2025-07-04,delivered,427.0
FA882321C0001,4,2025-08-13,2025-08-06,delivered,2.0
N0002420C5405,1,2026-06-18,2026-06-15,delivered,330.0
N0002420C5405,2,2026-09-05,2026-09-04,delivered,146.0
N0002420C5405,3,2026-09-05,,pending,0.0
N0002420C5405,4,2026-08-19,,pending,0.0
N0002420C5405,5,2026-09-05,,pending,0.0
N0002410C2118,1,2026-09-22,,pending,0.0
N0002410C2118,2,2026-10-11,2026-11-20,late,49.0
N0002410C2118,3,2026-09-12,,pending,0.0
N0002410C2118,4,2026-10-31,2026-10-31,delivered,97.0
N0002410C2118,5,2026-09-03,2026-08-27,delivered,435.0
FA865622FA071,1,2027-02-28,2027-02-24,delivered,272.0
FA865622FA071,2,2027-02-21,,pending,0.0
FA865622FA071,3,2027-01-03,,pending,0.0
FA865622FA071,4,2027-02-09,,pending,0.0
N0002420C5519,1,2026-10-23,,pending,0.0
N0002420C5519,2,2026-12-04,,pending,0.0
N0002420C5519,3,2026-12-04,,pending,0.0
N0002420C5519,4,2026-10-05,,pending,0.0
36C24026K1002,1,2025-02-18,2025-02-13,delivered,157.0
36C24026K1002,2,2025-02-18,2025-02-09,delivered,286.0
36C24026K1002,3,2025-02-18,2025-02-15,delivered,406.0
36C24026K1002,4,2025-02-18,2025-02-10,delivered,372.0
36C24026K1002,5,2025-02-18,2025-02-10,delivered,80.0
70Z02322C93220001,1,2025-12-06,2026-01-13,late,332.0
70Z02322C93220001,2,2025-12-06,2025-12-06,delivered,234.0
70Z02322C93220001,3,2025-12-06,2025-12-12,late,125.0
70Z02322C93220001,4,2025-12-06,2025-12-02,delivered,261.0
HQ085121C0002,1,2025-10-06,2025-09-30,delivered,428.0
HQ085121C0002,2,2025-08-24,2025-08-22,delivered,381.0
HQ085121C0002,3,2025-09-22,2025-09-12,delivered,101.0
FA863416C2653,1,2027-03-03,,pending,0.0
FA863416C2653,2,2027-03-03,2027-02-28,delivered,232.0
FA863416C2653,3,2027-03-03,,pending,0.0
FA863416C2653,4,2026-12-30,2026-12-21,delivered,495.0
FA863416C2653,5,2027-01-04,,pending,0.0
N0002421C5408,1,2025-07-22,2025-08-31,late,168.0
N0002421C5408,2,2025-09-12,2025-09-05,delivered,405.0
N0002421C5408,3,2025-10-10,2025-10-12,late,60.0
N0002421C5408,4,2025-08-27,2025-09-16,late,417.0
FA873918C5030,1,2026-01-17,2026-01-09,delivered,270.0
FA873918C5030,2,2025-11-02,2025-11-10,late,198.0
FA873918C5030,3,2025-11-07,2025-10-30,delivered,310.0
HHSO100201600030C,1,2026-07-29,,pending,0.0
HHSO100201600030C,2,2026-06-15,2026-06-08,delivered,70.0
HHSO100201600030C,3,2026-07-10,2026-07-09,delivered,409.0
HHSO100201600030C,4,2026-08-11,2026-08-05,delivered,475.0
89303925FEM400064,1,2026-07-10,,pending,0.0
89303925FEM400064,2,2026-06-20,2026-08-02,late,164.0
89303925FEM400064,3,2026-08-18,2026-09-05,late,146.0
89303925FEM400064,4,2026-08-16,,pending,0.0
89303925FEM400064,5,2026-07-29,,pending,0.0
N0002424C5408,1,2025-10-02,2025-09-22,delivered,80.0
N0002424C5408,2,2025-09-15,2025-09-11,delivered,331.0
N0002424C5408,3,2025-10-21,2025-11-11,late,257.0
N0002424C5408,4,2025-10-27,2025-10-27,delivered,49.0
N0002424C5408,5,2025-08-16,2025-09-07,late,477.0
47QFCA21F0018,1,2026-06-27,2026-08-09,late,113.0
47QFCA21F0018,2,2026-08-05,,pending,0.0
47QFCA21F0018,3,2026-09-03,,pending,0.0
47QFCA21F0018,4,2026-08-15,,pending,0.0
47QFCA21F0018,5,2026-09-05,2026-10-18,late,352.0
N0002419C2125,1,2026-06-08,2026-06-06,delivered,434.0
N0002419C2125,2,2026-04-02,2026-04-02,delivered,94.0
N0002419C2125,3,2026-05-31,,pending,0.0
N0001921C0723,1,2026-11-03,2026-10-24,delivered,214.0
N0001921C0723,2,2026-11-03,2026-11-03,delivered,282.0
N0001921C0723,3,2026-11-03,2026-11-25,late,21.0
N0001921C0723,4,2026-10-22,,pending,0.0
HT940213C0011,1,2026-09-06,,pending,0.0
HT940213C0011,2,2026-10-03,,pending,0.0
HT940213C0011,3,2026-08-06,,pending,0.0
36C10B21N10070021,1,2027-01-04,,pending,0.0
36C10B21N10070021,2,2027-01-04,,pending,0.0
36C10B21N10070021,3,2026-12-11,,pending,0.0
W58RGZ22C0022,1,2025-05-24,2025-06-27,late,379.0
W58RGZ22C0022,2,2025-04-18,2025-05-29,late,486.0
W58RGZ22C0022,3,2025-03-09,2025-02-27,delivered,15.0
W31P4Q17C0194,1,2025-08-18,2025-08-13,delivered,466.0
W31P4Q17C0194,2,2025-07-02,2025-06-29,delivered,145.0
W31P4Q17C0194,3,2025-09-12,2025-09-11,delivered,409.0
W31P4Q17C0194,4,2025-07-13,2025-07-10,delivered,125.0
W31P4Q17C0194,5,2025-08-12,2025-08-04,delivered,21.0
W56HZV19C0036,1,2025-03-25,2025-03-30,late,159.0
W56HZV19C0036,2,2025-03-25,2025-03-23,delivered,364.0
W56HZV19C0036,3,2025-03-06,2025-03-05,delivered,143.0
W56HZV19C0036,4,2025-02-21,2025-02-18,delivered,52.0
W56HZV19C0036,5,2025-03-25,2025-03-24,delivered,429.0
FA861118F1001,1,2025-03-23,2025-03-20,delivered,192.0
FA861118F1001,2,2025-04-07,2025-04-07,delivered,243.0
FA861118F1001,3,2025-04-19,2025-04-29,late,221.0
FA861118F1001,4,2025-04-26,2025-04-20,delivered,212.0
HQ014716C0011,1,2026-11-15,2026-11-15,delivered,439.0
HQ014716C0011,2,2026-11-15,,pending,0.0
HQ014716C0011,3,2026-11-15,2026-11-07,delivered,111.0
HQ014716C0011,4,2026-11-15,,pending,0.0
MSFC0200308DNAS803060,1,2026-02-05,2026-01-28,delivered,193.0
MSFC0200308DNAS803060,2,2026-02-07,2026-01-31,delivered,43.0
MSFC0200308DNAS803060,3,2025-12-29,2026-01-10,late,289.0
W31P4Q09C0057,1,2025-03-01,2025-02-23,delivered,243.0
W31P4Q09C0057,2,2025-03-29,2025-04-19,late,349.0
W31P4Q09C0057,3,2025-03-03,2025-03-12,late,458.0
W31P4Q09C0057,4,2025-05-18,2025-05-30,late,256.0
W31P4Q09C0057,5,2025-03-13,2025-03-11,delivered,200.0
FA873017C0010,1,2026-10-13,,pending,0.0
FA873017C0010,2,2026-11-13,,pending,0.0
FA873017C0010,3,2026-11-26,2026-11-23,delivered,159.0
FA873017C0010,4,2026-11-07,2026-10-31,delivered,471.0
FA873017C0010,5,2026-10-21,,pending,0.0
FA863422C2705,1,2025-12-14,2026-01-11,late,15.0
FA863422C2705,2,2025-11-24,2025-11-17,delivered,224.0
FA863422C2705,3,2025-11-30,2025-11-23,delivered,97.0
FA863422C2705,4,2026-02-03,2026-01-28,delivered,271.0
FA881606C0001,1,2025-03-18,2025-04-26,late,206.0
FA881606C0001,2,2025-03-18,2025-03-10,delivered,160.0
FA881606C0001,3,2025-03-18,2025-04-09,late,335.0
N0002414C5114,1,2025-06-03,2025-06-03,delivered,134.0
N0002414C5114,2,2025-07-20,2025-07-25,late,41.0
N0002414C5114,3,2025-05-11,2025-05-03,delivered,399.0
N0002414C5114,4,2025-08-07,2025-07-29,delivered,215.0
N0002414C5114,5,2025-05-28,2025-05-22,delivered,110.0
N0001918C1068,1,2026-08-07,,pending,0.0
N0001918C1068,2,2026-09-30,,pending,0.0
N0001918C1068,3,2026-10-03,2026-09-23,delivered,288.0
N0001918C1068,4,2026-07-21,,pending,0.0
FA868118C0021,1,2025-09-07,2025-08-31,delivered,90.0
FA868118C0021,2,2025-10-07,2025-10-13,late,373.0
FA868118C0021,3,2025-10-07,2025-09-28,delivered,245.0
N0002420C4312,1,2026-01-18,2026-01-15,delivered,34.0
N0002420C4312,2,2025-12-05,2026-01-13,late,89.0
N0002420C4312,3,2026-01-08,2026-02-21,late,86.0
N0002420C4312,4,2026-02-15,2026-02-10,delivered,75.0
HQ014712C0006,1,2026-07-01,2026-06-26,delivered,447.0
HQ014712C0006,2,2026-08-23,2026-08-19,delivered,63.0
HQ014712C0006,3,2026-06-19,,pending,0.0
HQ014712C0006,4,2026-06-25,,pending,0.0
70B01C26F00000385,1,2026-08-23,,pending,0.0
70B01C26F00000385,2,2026-08-08,2026-08-11,late,5.0
70B01C26F00000385,3,2026-08-23,2026-08-19,delivered,144.0
FA860918F0006,1,2026-09-08,2026-08-31,delivered,70.0
FA860918F0006,2,2026-09-09,2026-09-03,delivered,444.0
FA860918F0006,3,2026-10-10,,pending,0.0
W91RUS13C0006,1,2026-01-12,2026-01-02,delivered,296.0
W91RUS13C0006,2,2026-02-01,2026-01-22,delivered,119.0
W91RUS13C0006,3,2026-01-31,2026-01-27,delivered,36.0
W58RGZ12C0055,1,2025-05-11,2025-05-17,late,278.0
W58RGZ12C0055,2,2025-02-19,2025-03-26,late,467.0
W58RGZ12C0055,3,2025-04-06,2025-04-01,delivered,200.0
FA867518C0003,1,2026-03-16,2026-03-11,delivered,75.0
FA867518C0003,2,2026-03-28,2026-03-23,delivered,481.0
FA867518C0003,3,2026-04-02,2026-03-27,delivered,76.0
FA867518C0003,4,2026-03-27,2026-04-28,late,16.0
FA867518C0003,5,2026-04-02,2026-03-30,delivered,262.0
FA810720F0001,1,2025-06-01,2025-05-31,delivered,363.0
FA810720F0001,2,2025-03-22,2025-04-20,late,274.0
FA810720F0001,3,2025-04-14,2025-04-15,late,115.0
HT940223C0007,1,2025-03-06,2025-03-01,delivered,12.0
HT940223C0007,2,2025-06-01,2025-06-24,late,353.0
HT940223C0007,3,2025-04-11,2025-04-05,delivered,269.0
HT940223C0007,4,2025-06-08,2025-06-08,delivered,356.0
HT940223C0007,5,2025-04-25,2025-04-22,delivered,142.0
N0003023C0100,1,2026-07-17,,pending,0.0
N0003023C0100,2,2026-06-07,2026-07-18,late,464.0
N0003023C0100,3,2026-07-26,,pending,0.0
FA248616C0002,1,2026-12-21,,pending,0.0
FA248616C0002,2,2026-12-27,2027-01-30,late,321.0
FA248616C0002,3,2026-11-19,,pending,0.0
FA248616C0002,4,2026-11-26,,pending,0.0
FA248616C0002,5,2026-10-04,2026-10-01,delivered,360.0
FA882320C0004,1,2025-04-01,2025-04-21,late,157.0
FA882320C0004,2,2025-03-24,2025-03-14,delivered,490.0
FA882320C0004,3,2025-03-28,2025-03-27,delivered,27.0
FA882320C0004,4,2025-03-23,2025-03-28,late,362.0
80NM0018F0616,1,2026-09-04,,pending,0.0
80NM0018F0616,2,2026-08-08,,pending,0.0
80NM0018F0616,3,2026-09-04,2026-09-04,delivered,310.0
80NM0018F0616,4,2026-09-04,2026-08-28,delivered,225.0
80NM0018F0616,5,2026-09-04,,pending,0.0
36C10A20F0309,1,2026-06-03,2026-05-31,delivered,497.0
36C10A20F0309,2,2026-05-30,2026-05-22,delivered,47.0
36C10A20F0309,3,2026-05-29,2026-05-24,delivered,149.0
36C10A20F0309,4,2026-06-03,2026-06-02,delivered,358.0
80MSFC22F0048,1,2025-09-08,2025-10-10,late,395.0
80MSFC22F0048,2,2025-06-17,2025-06-11,delivered,125.0
80MSFC22F0048,3,2025-09-12,2025-09-07,delivered,71.0
80MSFC22F0048,4,2025-09-12,2025-09-06,delivered,459.0
80MSFC22F0048,5,2025-07-15,2025-07-05,delivered,277.0
FA877223F0001,1,2026-02-17,2026-02-14,delivered,51.0
FA877223F0001,2,2026-02-06,2026-02-01,delivered,148.0
FA877223F0001,3,2025-12-14,2025-12-10,delivered,16.0
NNM12AA82C,1,2025-05-13,2025-06-03,late,192.0
NNM12AA82C,2,2025-05-02,2025-04-23,delivered,139.0
NNM12AA82C,3,2025-05-23,2025-05-19,delivered,249.0
NNM12AA82C,4,2025-05-02,2025-04-24,delivered,373.0
NNM12AA82C,5,2025-06-02,2025-06-14,late,442.0
HHSO100201700019C,1,2025-05-14,2025-06-28,late,350.0
HHSO100201700019C,2,2025-05-14,2025-05-17,late,123.0
HHSO100201700019C,3,2025-04-05,2025-03-29,delivered,88.0
0003,1,2026-09-04,,pending,0.0
0003,2,2026-09-15,2026-09-05,delivered,11.0
0003,3,2026-09-15,2026-09-10,delivered,297.0
0003,4,2026-08-31,,pending,0.0
70Z02326C93210002,1,2025-05-03,2025-04-28,delivered,168.0
70Z02326C93210002,2,2025-05-03,2025-05-01,delivered,440.0
70Z02326C93210002,3,2025-05-03,2025-05-03,delivered,247.0
70Z02326C93210002,4,2025-04-04,2025-03-29,delivered,409.0
70Z02326C93210002,5,2025-05-03,2025-04-25,delivered,278.0
W56HZV07C0096,1,2026-02-05,2026-02-03,delivered,424.0
W56HZV07C0096,2,2026-01-19,2026-01-18,delivered,181.0
W56HZV07C0096,3,2026-02-05,2026-02-24,late,496.0
W56HZV07C0096,4,2026-02-05,2026-02-02,delivered,50.0
70B01C23F00000067,1,2025-08-05,2025-08-19,late,465.0
70B01C23F00000067,2,2025-09-08,2025-09-02,delivered,115.0
70B01C23F00000067,3,2025-08-01,2025-08-08,late,279.0
70B01C23F00000067,4,2025-08-23,2025-08-19,delivered,183.0
70B01C23F00000067,5,2025-09-08,2025-08-30,delivered,48.0
W31P4Q23F0177,1,2026-09-29,2026-10-04,late,66.0
W31P4Q23F0177,2,2026-10-04,,pending,0.0
W31P4Q23F0177,3,2026-08-09,,pending,0.0
W31P4Q23F0177,4,2026-11-16,2026-12-23,late,193.0
N0003019C0100,1,2026-03-23,,pending,0.0
N0003019C0100,2,2026-03-16,2026-03-14,delivered,235.0
N0003019C0100,3,2026-04-06,2026-05-03,late,171.0
N0002419C2227,1,2026-11-08,,pending,0.0
N0002419C2227,2,2026-11-08,,pending,0.0
N0002419C2227,3,2026-11-08,2026-12-01,late,370.0
N0002419C2227,4,2026-11-08,,pending,0.0
DTFA0102D03006CALL0016,1,2025-03-02,2025-03-04,late,237.0
DTFA0102D03006CALL0016,2,2025-02-01,2025-01-22,delivered,424.0
DTFA0102D03006CALL0016,3,2025-03-02,2025-02-23,delivered,106.0
FA862622C0002,1,2026-07-21,,pending,0.0
FA862622C0002,2,2026-09-05,,pending,0.0
FA862622C0002,3,2026-08-11,,pending,0.0
FA862622C0002,4,2026-07-28,,pending,0.0
W31P4Q19C0092,1,2025-12-07,2025-12-01,delivered,347.0
W31P4Q19C0092,2,2025-12-03,2025-11-29,delivered,289.0
W31P4Q19C0092,3,2025-12-07,2025-12-10,late,386.0
W31P4Q19C0092,4,2025-12-07,2025-12-07,delivered,97.0
W31P4Q19C0092,5,2025-12-07,2025-11-28,delivered,155.0
W31P4Q23C0021,1,2026-02-26,2026-02-16,delivered,278.0
W31P4Q23C0021,2,2026-03-23,2026-03-19,delivered,486.0
W31P4Q23C0021,3,2026-03-16,2026-03-10,delivered,332.0
W31P4Q23C0021,4,2026-03-23,2026-03-14,delivered,489.0
NNG10XA05C,1,2026-01-20,2026-02-20,late,250.0
NNG10XA05C,2,2026-02-07,2026-03-09,late,224.0
NNG10XA05C,3,2026-01-19,2026-01-12,delivered,5.0
NNG10XA05C,4,2025-11-28,2025-11-22,delivered,345.0
70B01C25F00001112,1,2026-08-28,,pending,0.0
70B01C25F00001112,2,2026-08-27,,pending,0.0
70B01C25F00001112,3,2026-06-29,,pending,0.0
70B01C25F00001112,4,2026-07-08,,pending,0.0
70B01C25F00001112,5,2026-09-10,2026-09-05,delivered,36.0
N0003020C0100,1,2025-08-27,2025-08-21,delivered,354.0
N0003020C0100,2,2025-08-09,2025-08-07,delivered,110.0
N0003020C0100,3,2025-07-25,2025-07-17,delivered,394.0
N0001917C0030,1,2026-06-20,2026-06-14,delivered,348.0
N0001917C0030,2,2026-06-06,2026-06-05,delivered,61.0
N0001917C0030,3,2026-06-20,2026-06-17,delivered,340.0
N0001917C0030,4,2026-06-20,2026-06-10,delivered,244.0
N0001917C0030,5,2026-06-20,2026-06-19,delivered,90.0
70B01C26F00000169,1,2025-11-25,2025-11-26,late,9.0
70B01C26F00000169,2,2025-12-29,2025-12-30,late,330.0
70B01C26F00000169,3,2025-11-17,2025-11-10,delivered,387.0
N0002424C2106,1,2025-07-17,2025-07-07,delivered,43.0
N0002424C2106,2,2025-07-15,2025-07-09,delivered,246.0
N0002424C2106,3,2025-05-27,2025-06-30,late,125.0
N0002424C2106,4,2025-04-27,2025-05-21,late,409.0
HQ085321C0002,1,2026-07-14,2026-07-14,delivered,307.0
HQ085321C0002,2,2026-07-14,,pending,0.0
HQ085321C0002,3,2026-07-14,,pending,0.0
N0002418C4314,1,2025-09-28,2025-09-28,delivered,312.0
N0002418C4314,2,2025-08-29,2025-08-28,delivered,212.0
N0002418C4314,3,2025-08-24,2025-09-20,late,162.0
N0002418C4314,4,2025-09-23,2025-09-15,delivered,497.0
N0003017C0100,1,2026-07-07,2026-07-07,delivered,406.0
N0003017C0100,2,2026-07-05,,pending,0.0
N0003017C0100,3,2026-07-10,,pending,0.0
FA821924C0001,1,2025-07-29,2025-09-05,late,418.0
FA821924C0001,2,2025-08-13,2025-09-11,late,92.0
FA821924C0001,3,2025-08-13,2025-08-05,delivered,135.0
0002,1,2026-04-17,2026-04-28,late,395.0
0002,2,2026-04-26,2026-04-23,delivered,282.0
0002,3,2026-03-09,2026-03-03,delivered,318.0
N0003025C0100,1,2026-04-24,2026-04-29,late,136.0
N0003025C0100,2,2026-06-23,2026-06-22,delivered,103.0
N0003025C0100,3,2026-04-13,,pending,0.0
N0003025C0100,4,2026-06-09,2026-07-13,late,298.0
N0003025C0100,5,2026-04-12,2026-04-16,late,140.0
NNG09DA01C,1,2025-03-16,2025-03-21,late,298.0
NNG09DA01C,2,2025-03-16,2025-03-12,delivered,274.0
NNG09DA01C,3,2025-03-16,2025-04-26,late,431.0
NNG09DA01C,4,2025-03-16,2025-03-07,delivered,199.0
NNG09DA01C,5,2025-03-02,2025-02-26,delivered,427.0
47QFCA21F0001,1,2025-10-16,2025-10-14,delivered,148.0
47QFCA21F0001,2,2025-10-01,2025-10-19,late,392.0
47QFCA21F0001,3,2025-10-16,2025-10-13,delivered,487.0
47QFCA21F0001,4,2025-10-16,2025-10-07,delivered,354.0
47QFCA21F0001,5,2025-10-16,2025-11-22,late,427.0
36C24026K1007,1,2027-02-06,2027-02-01,delivered,92.0
36C24026K1007,2,2026-12-18,2027-01-19,late,411.0
36C24026K1007,3,2027-02-01,2027-01-23,delivered,82.0
36C24026K1007,4,2027-01-26,,pending,0.0
36C24026K1007,5,2027-02-06,,pending,0.0
36C24026K1001,1,2026-10-28,2026-10-25,delivered,349.0
36C24026K1001,2,2026-12-20,,pending,0.0
36C24026K1001,3,2026-10-10,,pending,0.0
36C24026K1001,4,2026-09-18,,pending,0.0
N0002407C2102,1,2026-08-25,,pending,0.0
N0002407C2102,2,2026-06-20,2026-06-13,delivered,111.0
N0002407C2102,3,2026-08-23,2026-09-14,late,71.0
47QFCA21C0001,1,2025-12-24,2025-12-20,delivered,348.0
47QFCA21C0001,2,2025-12-24,2025-12-16,delivered,408.0
47QFCA21C0001,3,2025-12-24,2026-01-13,late,447.0
47QFCA21C0001,4,2025-12-24,2026-01-23,late,498.0
47QFCA21C0001,5,2025-12-24,2025-12-24,delivered,83.0
36C24025K1012,1,2025-09-16,2025-09-11,delivered,429.0
36C24025K1012,2,2025-06-10,2025-06-05,delivered,64.0
36C24025K1012,3,2025-06-16,2025-06-07,delivered,200.0
36C24025K1012,4,2025-09-16,2025-09-07,delivered,116.0
36C24026K1006,1,2025-12-30,2025-12-21,delivered,136.0
36C24026K1006,2,2025-12-30,2025-12-30,delivered,344.0
36C24026K1006,3,2025-12-30,2025-12-20,delivered,388.0
36C24026K1006,4,2025-12-30,2025-12-20,delivered,424.0
36C24026K1006,5,2025-12-30,2025-12-29,delivered,130.0
FA810616C0001,1,2025-09-27,2025-09-18,delivered,289.0
FA810616C0001,2,2025-12-27,2025-12-21,delivered,411.0
FA810616C0001,3,2025-10-16,2025-11-10,late,476.0
FA810616C0001,4,2025-12-05,2025-11-27,delivered,227.0
FA810616C0001,5,2025-10-23,2025-10-20,delivered,378.0
N0001925C0130,1,2026-03-12,2026-04-06,late,280.0
N0001925C0130,2,2026-02-11,2026-02-02,delivered,20.0
N0001925C0130,3,2026-03-18,2026-04-04,late,229.0
N0001925C0130,4,2026-01-06,2025-12-30,delivered,118.0
W56HZV22F0353,1,2025-04-03,2025-03-27,delivered,303.0
W56HZV22F0353,2,2025-05-20,2025-05-16,delivered,352.0
W56HZV22F0353,3,2025-04-03,2025-04-03,delivered,137.0
FA868223CB001,1,2025-10-30,2025-11-17,late,167.0
FA868223CB001,2,2025-10-08,2025-10-18,late,210.0
FA868223CB001,3,2025-12-07,2026-01-17,late,318.0
FA868223CB001,4,2025-11-01,2025-10-28,delivered,279.0
FA868223CB001,5,2025-11-06,2025-10-28,delivered,482.0
47QFCA22F0047,1,2026-10-11,,pending,0.0
47QFCA22F0047,2,2026-12-23,2026-12-14,delivered,311.0
47QFCA22F0047,3,2026-09-18,2026-09-14,delivered,380.0
47QFCA22F0047,4,2026-10-07,,pending,0.0
FA852624F0002,1,2026-11-27,,pending,0.0
FA852624F0002,2,2026-12-23,2026-12-23,delivered,390.0
FA852624F0002,3,2026-11-02,,pending,0.0
FA852624F0002,4,2026-11-14,2026-11-04,delivered,380.0
FA852624F0002,5,2027-01-12,,pending,0.0
W58RGZ17C0014,1,2025-06-18,2025-07-30,late,89.0
W58RGZ17C0014,2,2025-06-04,2025-06-23,late,140.0
W58RGZ17C0014,3,2025-06-27,2025-07-12,late,193.0
W58RGZ17C0014,4,2025-06-27,2025-06-27,delivered,404.0
W58RGZ17C0014,5,2025-06-19,2025-06-13,delivered,88.0
N0001919C1022,1,2025-12-07,2025-12-01,delivered,389.0
N0001919C1022,2,2025-12-29,2025-12-23,delivered,158.0
N0001919C1022,3,2025-12-12,2025-12-04,delivered,287.0
N0001919C1022,4,2025-11-27,2026-01-01,late,189.0
N0001919C1022,5,2025-12-04,2025-12-27,late,489.0
W56HZV12C0344,1,2027-01-10,2027-01-20,late,222.0
W56HZV12C0344,2,2027-01-29,2027-03-08,late,8.0
W56HZV12C0344,3,2027-01-15,,pending,0.0
W56HZV12C0344,4,2027-01-20,2027-01-25,late,131.0
HQ085821C0015,1,2027-01-07,,pending,0.0
HQ085821C0015,2,2026-12-11,,pending,0.0
HQ085821C0015,3,2026-11-23,,pending,0.0
47QFCA21C0002,1,2025-07-08,2025-07-02,delivered,377.0
47QFCA21C0002,2,2025-07-11,2025-07-04,delivered,203.0
47QFCA21C0002,3,2025-04-04,2025-03-25,delivered,215.0
47QFCA21C0002,4,2025-06-19,2025-06-15,delivered,65.0
W31P4Q21F0147,1,2026-03-05,2026-04-19,late,69.0
W31P4Q21F0147,2,2026-02-19,2026-02-27,late,221.0
W31P4Q21F0147,3,2025-12-31,2025-12-31,delivered,250.0
W31P4Q21F0147,4,2026-01-08,2026-01-14,late,190.0
W31P4Q21F0147,5,2026-01-28,2026-01-23,delivered,92.0
W56HZV22C0012,1,2025-04-30,2025-04-28,delivered,447.0
W56HZV22C0012,2,2025-02-18,2025-02-08,delivered,367.0
W56HZV22C0012,3,2025-02-14,2025-02-12,delivered,231.0
W56HZV22C0012,4,2025-04-30,2025-04-30,delivered,270.0
W56HZV22C0012,5,2025-04-30,2025-04-20,delivered,87.0
70B01C26F00000261,1,2025-09-17,2025-09-10,delivered,458.0
70B01C26F00000261,2,2025-08-23,2025-08-21,delivered,357.0
70B01C26F00000261,3,2025-10-09,2025-10-08,delivered,348.0
70B01C26F00000261,4,2025-11-02,2025-10-26,delivered,163.0
N0002405C5117,1,2025-04-19,2025-04-14,delivered,318.0
N0002405C5117,2,2025-04-07,2025-05-09,late,385.0
N0002405C5117,3,2025-04-13,2025-04-08,delivered,228.0
0010,1,2025-12-05,2025-12-19,late,167.0
0010,2,2026-02-21,2026-02-15,delivered,261.0
0010,3,2025-12-09,2026-01-16,late,261.0
36C10B21N10150056,1,2026-05-31,2026-05-27,delivered,409.0
36C10B21N10150056,2,2026-05-23,2026-06-04,late,363.0
36C10B21N10150056,3,2026-05-31,2026-07-07,late,145.0
36C10B21N10150056,4,2026-05-31,2026-05-25,delivered,106.0
36C10B21N10150056,5,2026-05-31,2026-05-23,delivered,451.0
FA812424F0001,1,2026-11-25,,pending,0.0
FA812424F0001,2,2026-12-11,,pending,0.0
FA812424F0001,3,2026-12-12,,pending,0.0
FA812424F0001,4,2026-11-25,,pending,0.0
N0001918C1025,1,2025-06-23,2025-06-19,delivered,364.0
N0001918C1025,2,2025-07-03,2025-06-24,delivered,330.0
N0001918C1025,3,2025-07-12,2025-08-07,late,372.0
70Z02326C93210001,1,2026-07-10,2026-07-09,delivered,51.0
70Z02326C93210001,2,2026-08-22,,pending,0.0
70Z02326C93210001,3,2026-08-08,2026-08-02,delivered,207.0
70Z02326C93210001,4,2026-09-24,,pending,0.0
FA861518C6058,1,2026-08-17,,pending,0.0
FA861518C6058,2,2026-08-17,,pending,0.0
FA861518C6058,3,2026-08-17,2026-08-09,delivered,386.0
DEAC0207CH11358,1,2026-06-01,2026-05-27,delivered,151.0
DEAC0207CH11358,2,2026-07-12,2026-08-05,late,497.0
DEAC0207CH11358,3,2026-05-01,2026-04-25,delivered,387.0
DEAC0207CH11358,4,2026-05-06,2026-05-03,delivered,75.0
DEAC0207CH11358,5,2026-05-21,,pending,0.0
36C24025K1010,1,2026-03-07,2026-02-26,delivered,326.0
36C24025K1010,2,2026-04-01,2026-03-30,delivered,246.0
36C24025K1010,3,2026-04-01,2026-03-26,delivered,344.0
FA863421F0023,1,2026-03-10,2026-03-01,delivered,244.0
FA863421F0023,2,2026-02-17,2026-03-16,late,54.0
FA863421F0023,3,2026-03-05,2026-02-24,delivered,372.0
FA863421F0023,4,2026-03-27,2026-03-25,delivered,475.0
FA868221C0001,1,2025-08-09,2025-07-31,delivered,234.0
FA868221C0001,2,2025-09-25,2025-09-22,delivered,16.0
FA868221C0001,3,2025-09-19,2025-10-31,late,297.0
FA868221C0001,4,2025-08-03,2025-09-11,late,117.0
W58RGZ17C0010,1,2026-06-07,2026-06-04,delivered,363.0
W58RGZ17C0010,2,2026-06-30,,pending,0.0
W58RGZ17C0010,3,2026-06-04,2026-06-30,late,462.0
W58RGZ17C0010,4,2026-08-09,2026-08-02,delivered,133.0
W58RGZ17C0010,5,2026-08-16,,pending,0.0
36C24026K1003,1,2025-08-31,2025-08-31,delivered,277.0
36C24026K1003,2,2025-08-24,2025-08-17,delivered,474.0
36C24026K1003,3,2025-08-31,2025-08-29,delivered,479.0
0043,1,2025-07-18,2025-07-14,delivered,359.0
0043,2,2025-06-15,2025-07-11,late,374.0
0043,3,2025-07-23,2025-07-26,late,386.0
0043,4,2025-06-29,2025-07-19,late,423.0
FA861516C6048,1,2026-04-19,2026-04-10,delivered,453.0
FA861516C6048,2,2026-03-26,2026-03-17,delivered,63.0
FA861516C6048,3,2026-04-25,2026-04-18,delivered,227.0
HQ014714C0001,1,2025-12-23,2025-12-18,delivered,491.0
HQ014714C0001,2,2026-01-10,2026-02-21,late,223.0
HQ014714C0001,3,2026-01-10,2026-01-03,delivered,5.0
W31P4Q19C0077,1,2025-10-13,2025-10-04,delivered,278.0
W31P4Q19C0077,2,2025-10-11,2025-10-06,delivered,390.0
W31P4Q19C0077,3,2025-10-13,2025-10-08,delivered,160.0
W31P4Q19C0077,4,2025-10-13,2025-10-10,delivered,61.0
W31P4Q19C0077,5,2025-09-14,2025-09-06,delivered,118.0
N0002423C5123,1,2026-12-23,2026-12-17,delivered,219.0
N0002423C5123,2,2027-01-30,2027-02-03,late,348.0
N0002423C5123,3,2027-01-16,2027-01-07,delivered,173.0
N0002423C5123,4,2026-12-31,,pending,0.0
N0002423C5123,5,2027-01-30,,pending,0.0
36C10G26K0209,1,2027-01-15,2027-02-07,late,154.0
36C10G26K0209,2,2027-01-15,2027-01-29,late,418.0
36C10G26K0209,3,2027-01-15,2027-01-14,delivered,245.0
GSFC0199711DNAS597271,1,2026-07-09,,pending,0.0
GSFC0199711DNAS597271,2,2026-08-27,2026-10-09,late,22.0
GSFC0199711DNAS597271,3,2026-08-21,2026-09-20,late,143.0
NNG04DA00C,1,2025-11-30,2025-11-25,delivered,216.0
NNG04DA00C,2,2025-12-23,2025-12-22,delivered,470.0
NNG04DA00C,3,2026-01-02,2025-12-31,delivered,338.0
NNG04DA00C,4,2026-01-02,2025-12-25,delivered,203.0
36C24026K1004,1,2025-07-26,2025-08-31,late,460.0
36C24026K1004,2,2025-08-27,2025-08-21,delivered,209.0
36C24026K1004,3,2025-10-01,2025-09-26,delivered,325.0
36C24026K1004,4,2025-07-26,2025-07-25,delivered,140.0
N0002409C5103,1,2026-02-03,2026-01-27,delivered,262.0
N0002409C5103,2,2026-02-10,2026-02-02,delivered,169.0
N0002409C5103,3,2026-02-10,2026-02-07,delivered,262.0
N0002409C5103,4,2026-02-04,2026-01-28,delivered,117.0
N0002409C5103,5,2026-02-10,2026-02-10,delivered,118.0
W912CH25F0096,1,2025-09-19,2025-09-14,delivered,466.0
W912CH25F0096,2,2025-09-04,2025-08-25,delivered,16.0
W912CH25F0096,3,2025-09-19,2025-09-17,delivered,283.0
FA812425F0001,1,2026-09-08,,pending,0.0
FA812425F0001,2,2026-09-01,2026-09-06,late,217.0
FA812425F0001,3,2026-10-19,,pending,0.0
36C24025K1011,1,2026-03-18,2026-03-15,delivered,185.0
36C24025K1011,2,2026-03-18,2026-03-10,delivered,403.0
36C24025K1011,3,2026-06-05,2026-06-04,delivered,317.0
36C24025K1011,4,2026-04-16,2026-04-13,delivered,99.0
HQ014719C0007,1,2026-04-27,2026-04-22,delivered,350.0
HQ014719C0007,2,2026-05-25,2026-05-20,delivered,297.0
HQ014719C0007,3,2026-06-05,2026-05-27,delivered,244.0
HQ014719C0007,4,2026-05-23,2026-05-30,late,390.0
FA863420F0022,1,2026-04-22,2026-05-02,late,201.0
FA863420F0022,2,2026-04-01,2026-03-26,delivered,215.0
FA863420F0022,3,2026-03-06,2026-03-25,late,488.0
FA863420F0022,4,2026-03-05,2026-03-05,delivered,293.0
47QFCA20F0014,1,2025-11-27,2025-12-18,late,368.0
47QFCA20F0014,2,2025-11-08,2025-10-30,delivered,247.0
47QFCA20F0014,3,2025-11-09,2025-11-11,late,132.0
47QFCA20F0014,4,2026-01-20,2026-02-14,late,294.0
W912PL19C0014,1,2025-06-20,2025-06-15,delivered,269.0
W912PL19C0014,2,2025-05-26,2025-05-26,delivered,41.0
W912PL19C0014,3,2025-08-01,2025-09-02,late,321.0
W912PL19C0014,4,2025-06-01,2025-06-27,late,207.0
W912PL19C0014,5,2025-05-21,2025-05-12,delivered,116.0
W15QKN19C0017,1,2025-10-25,2025-10-21,delivered,210.0
W15QKN19C0017,2,2025-09-27,2025-09-25,delivered,169.0
W15QKN19C0017,3,2025-10-10,2025-11-18,late,307.0
HT940213C0010,1,2025-07-28,2025-08-03,late,360.0
HT940213C0010,2,2025-08-10,2025-08-22,late,263.0
HT940213C0010,3,2025-08-03,2025-08-02,delivered,60.0
HT940213C0010,4,2025-09-21,2025-09-11,delivered,73.0
47QFCA20F0013,1,2026-08-15,,pending,0.0
47QFCA20F0013,2,2026-08-15,2026-09-08,late,115.0
47QFCA20F0013,3,2026-08-15,,pending,0.0
W90BRJ15C0006,1,2025-08-07,2025-07-29,delivered,198.0
W90BRJ15C0006,2,2025-08-07,2025-08-06,delivered,97.0
W90BRJ15C0006,3,2025-06-21,2025-06-13,delivered,94.0
W90BRJ15C0006,4,2025-06-08,2025-06-01,delivered,207.0
28321322FDS030130,1,2025-11-04,2025-11-03,delivered,281.0
28321322FDS030130,2,2025-08-08,2025-08-08,delivered,155.0
28321322FDS030130,3,2025-08-09,2025-09-17,late,33.0
36C10G26K0213,1,2026-07-30,2026-07-30,delivered,169.0
36C10G26K0213,2,2026-07-30,,pending,0.0
36C10G26K0213,3,2026-07-30,2026-07-26,delivered,446.0
36C10G26K0213,4,2026-07-10,,pending,0.0
36C10G26K0213,5,2026-07-30,2026-07-26,delivered,6.0
36C24026K1005,1,2026-03-02,2026-03-19,late,171.0
36C24026K1005,2,2026-03-06,2026-02-26,delivered,273.0
36C24026K1005,3,2026-02-07,2026-02-07,delivered,458.0
36C24026K1005,4,2026-04-05,2026-03-31,delivered,391.0
36C24026K1005,5,2026-02-21,2026-02-15,delivered,150.0
80JSC017C0006,1,2025-04-10,2025-04-07,delivered,47.0
80JSC017C0006,2,2025-05-01,2025-04-25,delivered,97.0
80JSC017C0006,3,2025-05-11,2025-05-09,delivered,452.0
80JSC017C0006,4,2025-05-25,2025-07-04,late,445.0
80JSC017C0006,5,2025-05-16,2025-06-15,late,89.0
N0002419C5501,1,2025-10-26,2025-11-28,late,138.0
N0002419C5501,2,2025-11-18,2025-11-26,late,431.0
N0002419C5501,3,2025-10-18,2025-11-10,late,70.0
N0002417C6259,1,2025-07-14,2025-07-06,delivered,382.0
N0002417C6259,2,2025-07-14,2025-08-10,late,268.0
N0002417C6259,3,2025-07-20,2025-07-21,late,170.0
N0002417C6259,4,2025-04-28,2025-04-23,delivered,4.0
N0002419C2112,1,2026-11-03,,pending,0.0
N0002419C2112,2,2027-01-13,2027-01-17,late,369.0
N0002419C2112,3,2026-12-13,2026-12-13,delivered,444.0
N0002419C2112,4,2026-10-25,2026-12-05,late,291.0
FA863421F0026,1,2026-02-07,2026-02-06,delivered,460.0
FA863421F0026,2,2026-02-07,2026-02-04,delivered,412.0
FA863421F0026,3,2026-02-07,2026-01-30,delivered,153.0
FA863421F0026,4,2026-01-30,2026-01-20,delivered,239.0
36C24025K1007,1,2025-09-24,2025-09-19,delivered,320.0
36C24025K1007,2,2025-09-24,2025-09-24,delivered,96.0
36C24025K1007,3,2025-09-24,2025-09-21,delivered,95.0
36C24025K1008,1,2025-06-06,2025-05-27,delivered,89.0
36C24025K1008,2,2025-06-06,2025-06-02,delivered,435.0
36C24025K1008,3,2025-06-06,2025-06-05,delivered,307.0
36C24025K1008,4,2025-06-06,2025-06-03,delivered,98.0
36C24025K1008,5,2025-06-06,2025-06-05,delivered,232.0
N0002420C6117,1,2026-05-09,2026-05-22,late,294.0
N0002420C6117,2,2026-04-28,2026-05-11,late,386.0
N0002420C6117,3,2026-03-24,2026-03-20,delivered,295.0
N0002420C6117,4,2026-05-17,2026-06-23,late,46.0
